Id, Ts, Ts_act, P_act(6), J_act(6), mts, ack, mutex1, mutex2, mutex3, cmd_id, cmd_ts, cmd_params(10), process(24), cmd_status(4)
9974, 1758.89, 0, 110.925, 333.621, 225.433, -0.00327418, 0.00957141, -0.00121788, 1.87899, 0.326276, 0.442205, 3.59175e-05, 0.802498, 0.308252, 0, 1758.81, 0, 0, 0, 123, 1758.82,0,7,1758.81,0,0,0,0,0,0,0,36,1,1,0,0,0,0,0,0,0,0,0,0,0,0,0,0,0,0,2,120.533,36,36,0,7,1758.81,1,2
9975, 1758.91, 0, 110.913, 333.614, 223.6, -0.00409044, 0.0117719, -0.00139172, 1.87899, 0.329637, 0.444022, 3.3411e-05, 0.797361, 0.308252, 0, 1758.81, 0, 0, 0, 123, 1758.82,0,7,1758.81,0,0,0,0,0,0,0,36,1,1,0,0,0,0,0,0,0,0,0,0,0,0,0,0,0,0,2,120.533,36,36,0,7,1758.81,1,2
9976, 1758.92, 0, 110.925, 333.62, 221.801, -0.00346127, 0.00977347, -0.00113215, 1.87899, 0.332947, 0.445792, 3.3411e-05, 0.792245, 0.308252, 0, 1758.81, 0, 0, 0, 123, 1758.82,0,7,1758.81,0,0,0,0,0,0,0,36,1,1,0,0,0,0,0,0,0,0,0,0,0,0,0,0,0,0,2,120.533,36,36,0,7,1758.81,1,2
9977, 1758.93, 0, 110.944, 333.625, 219.993, -0.00288246, 0.00759768, -0.00103758, 1.87899, 0.336311, 0.447527, 3.09045e-05, 0.787106, 0.308252, 0, 1758.81, 0, 0, 0, 123, 1758.82,0,7,1758.81,0,0,0,0,0,0,0,36,1,1,0,0,0,0,0,0,0,0,0,0,0,0,0,0,0,0,2,120.533,36,36,0,7,1758.81,1,2
9978, 1758.94, 0, 110.968, 333.613, 218.22, -0.00125368, 0.00362899, -0.00446707, 1.87894, 0.339597, 0.449252, 3.96773e-05, 0.782021, 0.308252, 0, 1758.81, 0, 0, 0, 123, 1758.82,0,7,1758.81,0,0,0,0,0,0,0,36,1,1,0,0,0,0,0,0,0,0,0,0,0,0,0,0,0,0,2,120.533,36,36,0,7,1758.81,1,2
9979, 1758.95, 0, 111.061, 333.614, 216.676, 0.00455703, -0.0128175, -0.00970249, 1.87886, 0.342422, 0.450808, 5.34631e-05, 0.777335, 0.308252, 0, 1758.81, 0, 0, 0, 123, 1758.82,0,7,1758.81,0,0,0,0,0,0,0,36,1,1,0,0,0,0,0,0,0,0,0,0,0,0,0,0,0,0,2,120.533,36,36,0,7,1758.81,1,2
9980, 1758.97, 0, 111.124, 333.621, 215.582, 0.00741391, -0.023633, -0.0104159, 1.87884, 0.344449, 0.451876, 3.96773e-05, 0.774045, 0.308252, 0, 1758.81, 0, 0, 0, 123, 1758.82,0,7,1758.81,0,0,0,0,0,0,0,36,1,1,0,0,0,0,0,0,0,0,0,0,0,0,0,0,0,0,2,120.533,36,36,0,7,1758.81,1,2
9981, 1758.98, 0, 111.156, 333.642, 215.138, 0.00930609, -0.0300785, -0.00850924, 1.87887, 0.345268, 0.452319, 3.59175e-05, 0.772666, 0.308252, 0, 1758.81, 0, 0, 0, 123, 1758.82,0,7,1758.81,0,0,0,0,0,0,0,36,1,1,0,0,0,0,0,0,0,0,0,0,0,0,0,0,0,0,2,120.533,36,36,0,7,1758.81,1,2
9982, 1758.99, 0, 111.212, 333.654, 215.546, 0.0117268, -0.0360206, -0.0103405, 1.87884, 0.344522, 0.451903, 4.84501e-05, 0.773717, 0.308252, 0, 1758.81, 0, 0, 0, 123, 1758.82,0,7,1758.81,0,0,0,0,0,0,0,36,1,1,0,0,0,0,0,0,0,0,0,0,0,0,0,0,0,0,2,120.533,36,36,0,7,1758.81,1,2
9983, 1759, 0, 111.402, 333.703, 216.921, 0.0216944, -0.0664706, -0.0123515, 1.87881, 0.341853, 0.450717, 5.47163e-05, 0.777012, 0.308248, 0, 1758.81, 0, 0, 0, 123, 1758.82,0,7,1758.81,0,0,0,0,0,0,0,36,1,1,0,0,0,0,0,0,0,0,0,0,0,0,0,0,0,0,2,120.533,36,36,0,7,1758.81,1,2
9984, 1759.01, 0, 111.52, 333.729, 219.565, 0.0266861, -0.0841024, -0.0126068, 1.87879, 0.336875, 0.448245, 3.96773e-05, 0.784142, 0.308248, 0, 1758.81, 0, 0, 0, 123, 1758.82,0,7,1758.81,0,0,0,0,0,0,0,36,1,1,0,0,0,0,0,0,0,0,0,0,0,0,0,0,0,0,2,120.533,36,36,0,7,1758.81,1,2
9985, 1759.03, 0, 111.498, 333.734, 223.541, 0.0214967, -0.079425, -0.00390713, 1.87889, 0.32957, 0.444307, -4.67971e-05, 0.795491, 0.308248, 0, 1758.81, 0, 0, 0, 123, 1758.82,0,7,1758.81,0,0,0,0,0,0,0,36,1,1,0,0,0,0,0,0,0,0,0,0,0,0,0,0,0,0,2,120.533,36,36,0,7,1758.81,1,2
9986, 1759.04, 0, 111.43, 333.737, 228.638, 0.0143757, -0.0650441, 0.00428222, 1.87899, 0.320422, 0.439005, -0.000104447, 0.810218, 0.308248, 0, 1758.81, 0, 0, 0, 123, 1758.82,0,7,1758.81,0,0,0,0,0,0,0,36,1,1,0,0,0,0,0,0,0,0,0,0,0,0,0,0,0,0,2,120.533,36,36,0,7,1758.81,1,2
9987, 1759.05, 0, 111.37, 333.727, 234.398, 0.0091712, -0.0525782, 0.00765268, 1.87903, 0.310271, 0.432826, -0.000130765, 0.826783, 0.308248, 0, 1758.81, 0, 0, 0, 123, 1758.82,0,7,1758.81,0,0,0,0,0,0,0,36,1,1,0,0,0,0,0,0,0,0,0,0,0,0,0,0,0,0,2,120.533,36,36,0,7,1758.81,1,2
9988, 1759.06, 0, 111.284, 333.706, 240.371, 0.00570983, -0.0403943, 0.0076225, 1.87904, 0.299925, 0.426248, -0.000119486, 0.843928, 0.308248, 0, 1758.81, 0, 0, 0, 123, 1758.82,0,7,1758.81,0,0,0,0,0,0,0,36,2,1,0,0,0,0,0,0,0,0,0,0,0,0,0,0,0,0,2,120.533,36,36,0,7,1758.81,1,2
9989, 1759.08, 0, 111.264, 333.693, 246.414, 0.00470278, -0.0367672, 0.00630912, 1.87902, 0.289741, 0.419288, -0.000114473, 0.861137, 0.308248, 0, 1758.81, 0, 0, 0, 123, 1758.82,0,7,1758.81,0,0,0,0,0,0,0,36,2,1,0,0,0,0,0,0,0,0,0,0,0,0,0,0,0,0,2,120.533,36,36,0,7,1758.81,1,2
9990, 1759.09, 0, 111.252, 333.688, 252.467, 0.00440726, -0.0355317, 0.0057509, 1.87902, 0.279798, 0.412051, -0.000110713, 0.878339, 0.308248, 0, 1758.81, 0, 0, 0, 123, 1758.82,0,7,1758.81,0,0,0,0,0,0,0,36,2,1,0,0,0,0,0,0,0,0,0,0,0,0,0,0,0,0,2,120.533,36,36,0,7,1758.81,1,2
9991, 1759.1, 0, 111.244, 333.686, 258.526, 0.00426211, -0.0345637, 0.00532289, 1.87901, 0.270139, 0.4045, -0.0001057, 0.895567, 0.308248, 0, 1758.81, 0, 0, 0, 123, 1758.82,0,7,1758.81,0,0,0,0,0,0,0,36,2,1,0,0,0,0,0,0,0,0,0,0,0,0,0,0,0,0,2,120.533,36,36,0,7,1758.81,1,2
9992, 1759.11, 0, 111.232, 333.68, 264.585, 0.00368193, -0.0327664, 0.00492395, 1.87901, 0.260766, 0.396658, -0.000104447, 0.912815, 0.308248, 0, 1758.81, 0, 0, 0, 123, 1758.82,0,7,1758.81,0,0,0,0,0,0,0,36,2,1,0,0,0,0,0,0,0,0,0,0,0,0,0,0,0,0,2,120.533,36,36,0,7,1758.81,1,2
9993, 1759.12, 0, 111.206, 333.669, 270.626, 0.0024525, -0.0291098, 0.00445982, 1.879, 0.251705, 0.388548, -0.000104447, 0.930052, 0.308248, 0, 1758.81, 0, 0, 0, 123, 1758.82,0,7,1758.81,0,0,0,0,0,0,0,36,2,1,0,0,0,0,0,0,0,0,0,0,0,0,0,0,0,0,2,120.533,36,36,0,7,1758.81,1,2
9994, 1759.14, 0, 111.172, 333.659, 276.667, 0.00134982, -0.0250776, 0.00409327, 1.879, 0.242919, 0.380172, -9.94337e-05, 0.947287, 0.308248, 0, 1758.81, 0, 0, 0, 123, 1758.82,0,7,1758.81,0,0,0,0,0,0,0,36,2,1,0,0,0,0,0,0,0,0,0,0,0,0,0,0,0,0,2,120.533,36,36,0,7,1758.81,1,2
9995, 1759.15, 0, 111.194, 333.666, 282.739, 0.0020633, -0.0275053, 0.00412899, 1.879, 0.234407, 0.371424, -9.94337e-05, 0.964504, 0.308248, 0, 1758.81, 0, 0, 0, 123, 1758.82,0,7,1758.81,0,0,0,0,0,0,0,36,2,1,0,0,0,0,0,0,0,0,0,0,0,0,0,0,0,0,2,120.533,36,36,0,7,1758.81,1,2
9996, 1759.16, 0, -119.445, 375.217, 498.206, 179.998, 0.0221988, -89.9984, 1.87901, 0.226224, 0.362484, -9.94337e-05, 0.981708, 0.308236, 0, 1758.81, 0, 0, 0, 123, 1758.82,0,7,1758.81,0,0,0,0,0,0,0,36,2,1,0,0,0,0,0,0,0,0,0,0,0,0,0,0,0,0,2,120.533,36,36,0,7,1758.81,1,2
9997, 1759.17, 0, -119.427, 375.227, 504.145, -179.999, 0.0154406, -89.9995, 1.87896, 0.218491, 0.353343, -0.000114473, 0.99871, 0.308213, 0, 1758.81, 0, 0, 0, 123, 1758.82,0,7,1758.81,0,0,0,0,0,0,0,36,2,1,0,0,0,0,0,0,0,0,0,0,0,0,0,0,0,0,2,120.533,36,36,0,7,1758.81,1,2
9998, 1759.18, 0, -119.285, 375.307, 509.76, -179.993, -0.00205093, -90.0157, 1.87856, 0.211561, 0.344297, -0.000125752, 1.01501, 0.3081, 0, 1758.81, 0, 0, 0, 123, 1758.82,0,7,1758.81,0,0,0,0,0,0,0,36,2,1,0,0,0,0,0,0,0,0,0,0,0,0,0,0,0,0,2,120.533,36,36,0,7,1758.81,1,2
9999, 1759.2, 0, -118.688, 375.632, 514.836, -179.987, -0.0121404, -90.0951, 1.87687, 0.205758, 0.335618, -0.000185908, 1.02969, 0.30783, 0, 1758.81, 0, 0, 0, 123, 1758.82,0,7,1758.81,0,0,0,0,0,0,0,36,2,1,0,0,0,0,0,0,0,0,0,0,0,0,0,0,0,0,2,120.533,36,36,0,7,1758.81,1,2
10000, 1759.21, 0, -117.218, 376.499, 519.086, -179.982, -0.0249745, -90.2819, 1.87266, 0.201826, 0.327264, -0.000198441, 1.04222, 0.306881, 0, 1758.81, 0, 0, 0, 123, 1758.82,0,7,1758.81,0,0,0,0,0,0,0,36,2,1,0,0,0,0,0,0,0,0,0,0,0,0,0,0,0,0,2,120.533,36,36,0,7,1758.81,1,2
10001, 1759.22, 0, -114.499, 378.096, 522.54, -179.989, -0.0290192, -90.6233, 1.86486, 0.199817, 0.319077, -4.42906e-05, 1.05245, 0.304959, 0, 1758.81, 0, 0, 0, 123, 1758.82,0,7,1758.81,0,0,0,0,0,0,0,36,2,1,0,0,0,0,0,0,0,0,0,0,0,0,0,0,0,0,2,120.533,36,36,0,7,1758.81,1,2
10002, 1759.23, 0, -110.249, 380.53, 525.375, -180, -0.0196987, -91.1443, 1.85278, 0.199616, 0.310629, 0.000111113, 1.06088, 0.301901, 0, 1758.81, 0, 0, 0, 123, 1758.82,0,7,1758.81,0,0,0,0,0,0,0,36,2,1,0,0,0,0,0,0,0,0,0,0,0,0,0,0,0,0,2,120.533,36,36,0,7,1758.81,1,2
10003, 1759.24, 0, -104.324, 383.778, 528.14, 179.992, 0.00073177, -91.8539, 1.83619, 0.200606, 0.300983, 0.000149963, 1.06915, 0.297679, 0, 1758.81, 0, 0, 0, 123, 1758.82,0,7,1758.81,0,0,0,0,0,0,0,36,2,1,0,0,0,0,0,0,0,0,0,0,0,0,0,0,0,0,2,120.533,36,36,0,7,1758.81,1,2
10004, 1759.26, 0, -96.5811, 387.849, 531.301, 179.991, 0.00799976, -92.7643, 1.81483, 0.202561, 0.288992, 0.000129911, 1.07906, 0.292216, 0, 1758.81, 0, 0, 0, 123, 1758.82,0,7,1758.81,0,0,0,0,0,0,0,36,2,1,0,0,0,0,0,0,0,0,0,0,0,0,0,0,0,0,2,120.533,36,36,0,7,1758.81,1,2
10005, 1759.27, 0, -86.8073, 392.633, 535.209, 179.991, 0.0117144, -93.8884, 1.78837, 0.205041, 0.274139, 0.000104846, 1.09138, 0.285388, 0, 1758.81, 0, 0, 0, 123, 1758.82,0,7,1758.81,0,0,0,0,0,0,0,36,2,1,0,0,0,0,0,0,0,0,0,0,0,0,0,0,0,0,2,120.533,36,36,0,7,1758.81,1,2
10006, 1759.28, 0, -74.8142, 398.003, 539.925, 179.99, 0.0182326, -95.2368, 1.75659, 0.20806, 0.256252, 8.47944e-05, 1.10613, 0.277152, 0, 1758.81, 0, 0, 0, 123, 1758.82,0,7,1758.81,0,0,0,0,0,0,0,36,2,1,0,0,0,0,0,0,0,0,0,0,0,0,0,0,0,0,2,120.533,36,36,0,7,1758.81,1,2
10007, 1759.29, 0, -60.5201, 403.676, 545.431, 179.992, 0.0176866, -96.806, 1.7196, 0.211564, 0.23548, 5.34631e-05, 1.12342, 0.267569, 0, 1758.81, 0, 0, 0, 123, 1758.82,0,7,1758.81,0,0,0,0,0,0,0,36,2,1,0,0,0,0,0,0,0,0,0,0,0,0,0,0,0,0,2,120.533,36,36,0,7,1758.81,1,2
10008, 1759.31, 0, -43.8596, 409.4, 551.763, 179.992, 0.0239401, -98.5901, 1.67752, 0.215552, 0.21175, 3.09045e-05, 1.14305, 0.256631, 0, 1758.81, 0, 0, 0, 123, 1758.82,0,7,1758.81,0,0,0,0,0,0,0,36,2,1,0,0,0,0,0,0,0,0,0,0,0,0,0,0,0,0,2,120.533,36,36,0,7,1758.81,1,2
10009, 1759.32, 0, -24.7636, 414.826, 558.907, 179.991, 0.0345203, -100.588, 1.63042, 0.219989, 0.185186, 1.58655e-05, 1.165, 0.244409, 0, 1758.81, 0, 0, 0, 123, 1758.82,0,7,1758.81,0,0,0,0,0,0,0,36,2,1,0,0,0,0,0,0,0,0,0,0,0,0,0,0,0,0,2,120.533,36,36,0,7,1758.81,1,2
10010, 1759.33, 0, -3.28939, 419.559, 566.791, 179.992, 0.0349521, -102.785, 1.57864, 0.224924, 0.155965, 3.33298e-06, 1.18928, 0.230983, 0, 1758.81, 0, 0, 0, 123, 1758.82,0,7,1758.81,0,0,0,0,0,0,0,36,2,1,0,0,0,0,0,0,0,0,0,0,0,0,0,0,0,0,2,120.533,36,36,0,7,1758.81,1,2
10011, 1759.34, 0, 20.2997, 423.216, 575.386, 179.991, 0.0365463, -105.145, 1.52287, 0.230315, 0.124245, 9.59925e-06, 1.21558, 0.216397, 0, 1758.81, 0, 0, 0, 123, 1758.82,0,7,1758.81,0,0,0,0,0,0,0,36,2,1,0,0,0,0,0,0,0,0,0,0,0,0,0,0,0,0,2,120.533,36,36,0,7,1758.81,1,2
10012, 1759.35, 0, 45.5119, 425.367, 584.495, 179.992, 0.0372358, -107.626, 1.4642, 0.236, 0.0908128, 1.58655e-05, 1.24332, 0.201036, 0, 1758.81, 0, 0, 0, 123, 1758.82,0,7,1758.81,0,0,0,0,0,0,0,36,2,1,0,0,0,0,0,0,0,0,0,0,0,0,0,0,0,0,2,120.533,36,36,0,7,1758.81,1,2
10013, 1759.37, 0, 71.6422, 425.726, 593.878, 179.992, 0.0378439, -110.17, 1.40407, 0.241831, 0.0565412, 1.8372e-05, 1.27175, 0.185295, 0, 1758.81, 0, 0, 0, 123, 1758.82,0,7,1758.81,0,0,0,0,0,0,0,36,2,1,0,0,0,0,0,0,0,0,0,0,0,0,0,0,0,0,2,120.533,36,36,0,7,1758.81,1,2
10014, 1759.38, 0, 98.1137, 424.158, 603.37, 179.992, 0.0400731, -112.739, 1.34348, 0.247663, 0.0220694, 2.08785e-05, 1.30035, 0.169538, 0, 1758.81, 0, 0, 0, 123, 1758.82,0,7,1758.81,0,0,0,0,0,0,0,36,2,1,0,0,0,0,0,0,0,0,0,0,0,0,0,0,0,0,2,120.533,36,36,0,7,1758.81,1,2
10015, 1759.39, 0, 124.257, 420.737, 612.804, 179.992, 0.0343658, -115.269, 1.28362, 0.253525, -0.0121832, 3.96773e-05, 1.32884, 0.153849, 0, 1758.81, 0, 0, 0, 123, 1758.82,0,7,1758.81,0,0,0,0,0,0,0,36,2,1,0,0,0,0,0,0,0,0,0,0,0,0,0,0,0,0,2,120.533,36,36,0,7,1758.81,1,2
10016, 1759.4, 0, 149.269, 415.711, 621.954, 179.993, 0.0315565, -117.699, 1.22606, 0.259276, -0.0454267, 4.84501e-05, 1.35638, 0.138687, 0, 1758.81, 0, 0, 0, 123, 1758.82,0,7,1758.81,0,0,0,0,0,0,0,36,2,1,0,0,0,0,0,0,0,0,0,0,0,0,0,0,0,0,2,120.533,36,36,0,7,1758.81,1,2
10017, 1759.41, 0, 172.258, 409.479, 630.441, 179.994, 0.0230848, -119.955, 1.17258, 0.26464, -0.0762582, 5.47163e-05, 1.382, 0.12459, 0, 1758.81, 0, 0, 0, 123, 1758.82,0,7,1758.81,0,0,0,0,0,0,0,36,3,1,0,0,0,0,0,0,0,0,0,0,0,0,0,0,0,0,2,120.533,36,36,0,7,1758.81,1,2
10018, 1759.43, 0, 192.667, 402.566, 638.007, 179.996, 0.0142341, -121.994, 1.12441, 0.269403, -0.103708, 3.59175e-05, 1.40485, 0.112013, 0, 1758.81, 0, 0, 0, 123, 1758.82,0,7,1758.81,0,0,0,0,0,0,0,36,3,1,0,0,0,0,0,0,0,0,0,0,0,0,0,0,0,0,2,120.533,36,36,0,7,1758.81,1,2
10019, 1759.44, 0, 210.367, 395.414, 644.508, -179.996, 0.00745921, -123.817, 1.08188, 0.273415, -0.127188, -7.93817e-05, 1.42445, 0.101304, 0, 1758.81, 0, 0, 0, 123, 1758.82,0,7,1758.81,0,0,0,0,0,0,0,36,3,1,0,0,0,0,0,0,0,0,0,0,0,0,0,0,0,0,2,120.533,36,36,0,7,1758.81,1,2
10020, 1759.45, 0, 225.878, 388.12, 649.688, -179.993, -0.013125, -125.519, 1.04375, 0.276666, -0.145971, -0.000104447, 1.44034, 0.0928961, 0, 1758.81, 0, 0, 0, 123, 1758.82,0,7,1758.81,0,0,0,0,0,0,0,36,3,1,0,0,0,0,0,0,0,0,0,0,0,0,0,0,0,0,2,120.533,36,36,0,7,1758.81,1,2
10021, 1759.46, 0, -28.3787, 656.564, 443.977, -0.28879, -0.0420002, 52.7745, 1.00823, 0.279095, -0.159994, -2.04788e-05, 1.45226, 0.0871877, 0, 1758.81, 0, 0, 0, 123, 1758.82,0,7,1758.81,0,0,0,0,0,0,0,36,3,1,0,0,0,0,0,0,0,0,0,0,0,0,0,0,0,0,2,120.533,36,36,0,7,1758.81,1,2
10022, 1759.47, 0, -15.3664, 648.454, 446.517, -0.282077, -0.0329316, 50.9556, 0.973832, 0.280788, -0.169113, 7.85281e-05, 1.46, 0.0845224, 0, 1758.81, 0, 0, 0, 123, 1758.82,0,7,1758.81,0,0,0,0,0,0,0,36,3,1,0,0,0,0,0,0,0,0,0,0,0,0,0,0,0,0,2,120.533,36,36,0,7,1758.81,1,2
10023, 1759.49, 0, -2.9077, 639.691, 447.407, -0.273328, -0.0273173, 48.9389, 0.939643, 0.281465, -0.172277, 0.000201347, 1.46274, 0.0855176, 0, 1758.81, 0, 0, 0, 123, 1758.82,0,7,1758.81,0,0,0,0,0,0,0,36,3,1,0,0,0,0,0,0,0,0,0,0,0,0,0,0,0,0,0,120.533,36,36,0,7,1758.81,1,2
10024, 1759.5, 0, 8.63286, 630.465, 446.287, -0.26031, -0.0180106, 46.7258, 0.906405, 0.280971, -0.16827, 0.000400614, 1.45956, 0.0908808, 0, 1758.81, 0, 0, 0, 123, 1758.82,0,7,1758.81,0,0,0,0,0,0,0,36,3,1,0,0,0,0,0,0,0,0,0,0,0,0,0,0,0,0,0,120.533,36,36,0,7,1758.81,1,2
10025, 1759.51, 0, 18.9616, 620.968, 443.083, -0.245921, 0.00435378, 44.3403, 0.874794, 0.279308, -0.156892, 0.000647505, 1.45041, 0.100869, 0, 1758.81, 0, 0, 0, 123, 1758.82,0,7,1758.81,0,0,0,0,0,0,0,36,3,1,0,0,0,0,0,0,0,0,0,0,0,0,0,0,0,0,0,120.533,36,36,0,7,1758.81,1,2
10026, 1759.52, 0, 27.9981, 611.492, 437.939, -0.235686, 0.0159827, 41.8396, 0.845358, 0.276435, -0.138509, 0.000811681, 1.43529, 0.115047, 0, 1758.81, 0, 0, 0, 123, 1758.82,0,7,1758.81,0,0,0,0,0,0,0,36,3,1,0,0,0,0,0,0,0,0,0,0,0,0,0,0,0,0,0,120.533,36,36,0,7,1758.81,1,2
10027, 1759.53, 0, 35.8163, 602.028, 431.022, -0.224919, 0.0153157, 39.2272, 0.817802, 0.272456, -0.113728, 0.000967084, 1.41466, 0.133044, 0, 1758.81, 0, 0, 0, 123, 1758.82,0,7,1758.81,0,0,0,0,0,0,0,36,3,1,0,0,0,0,0,0,0,0,0,0,0,0,0,0,0,0,0,120.533,36,36,0,7,1758.81,1,2
10028, 1759.55, 0, 42.4829, 592.35, 422.395, -0.211315, 0.0173413, 36.4718, 0.791504, 0.267458, -0.0828241, 0.0011839, 1.38896, 0.154773, 0, 1758.81, 0, 0, 0, 123, 1758.82,0,7,1758.81,0,0,0,0,0,0,0,36,3,1,0,0,0,0,0,0,0,0,0,0,0,0,0,0,0,0,1,120.533,36,36,0,7,1758.81,1,2
10029, 1759.56, 0, 48.1074, 582.253, 412.137, -0.196693, 0.0184424, 33.5398, 0.765873, 0.261441, -0.0459944, 0.00142327, 1.35833, 0.180228, 0, 1758.81, 0, 0, 0, 123, 1758.82,0,7,1758.81,0,0,0,0,0,0,0,36,3,1,0,0,0,0,0,0,0,0,0,0,0,0,0,0,0,0,1,120.533,36,36,0,7,1758.81,1,2
10030, 1759.57, 0, 52.7253, 571.43, 400.237, -0.183517, 0.0313427, 30.4047, 0.740191, 0.254529, -0.0033144, 0.00168896, 1.32295, 0.209149, 0, 1758.81, 0, 0, 0, 123, 1758.82,0,7,1758.81,0,0,0,0,0,0,0,36,3,1,0,0,0,0,0,0,0,0,0,0,0,0,0,0,0,0,1,120.533,36,36,0,7,1758.81,1,2
10031, 1759.58, 0, 56.4661, 559.785, 386.924, -0.166756, 0.0315228, 27.0286, 0.713901, 0.246748, 0.0446225, 0.00198598, 1.28295, 0.241633, 0, 1758.81, 0, 0, 0, 123, 1758.82,0,7,1758.81,0,0,0,0,0,0,0,36,3,1,0,0,0,0,0,0,0,0,0,0,0,0,0,0,0,0,1,120.533,36,36,0,7,1758.81,1,2
10032, 1759.6, 0, 59.2922, 547.528, 372.701, -0.134744, 0.00560112, 23.475, 0.687126, 0.238315, 0.0962074, 0.00243214, 1.23943, 0.276654, 0, 1758.81, 0, 0, 0, 123, 1758.82,0,7,1758.81,0,0,0,0,0,0,0,36,3,1,0,0,0,0,0,0,0,0,0,0,0,0,0,0,0,0,1,120.533,36,36,0,7,1758.81,1,2
10033, 1759.61, 0, 61.1764, 535.024, 358.46, -0.0893764, -0.0332701, 19.8878, 0.660432, 0.229755, 0.148327, 0.00301615, 1.19518, 0.312255, 0, 1758.81, 0, 0, 0, 123, 1758.82,0,7,1758.81,0,0,0,0,0,0,0,36,3,1,0,0,0,0,0,0,0,0,0,0,0,0,0,0,0,0,1,120.533,36,36,0,7,1758.81,1,2
10034, 1759.62, 0, 62.1048, 522.738, 345.013, -0.0543571, -0.0552877, 16.4765, 0.634866, 0.221764, 0.197818, 0.00348111, 1.15328, 0.345926, 0, 1758.81, 0, 0, 0, 123, 1758.82,0,7,1758.81,0,0,0,0,0,0,0,36,3,1,0,0,0,0,0,0,0,0,0,0,0,0,0,0,0,0,1,120.533,36,36,0,7,1758.81,1,2
10035, 1759.63, 0, 62.1538, 511.337, 332.953, -0.0316354, -0.059766, 13.3892, 0.611639, 0.214642, 0.242551, 0.00383202, 1.11559, 0.376309, 0, 1758.81, 0, 0, 0, 123, 1758.82,0,7,1758.81,0,0,0,0,0,0,0,36,3,1,0,0,0,0,0,0,0,0,0,0,0,0,0,0,0,0,1,120.533,36,36,0,7,1758.81,1,2
10036, 1759.64, 0, 61.5674, 501.167, 322.462, -0.0134482, -0.0592425, 10.6768, 0.591172, 0.208361, 0.281923, 0.00414408, 1.08249, 0.402923, 0, 1758.81, 0, 0, 0, 123, 1758.82,0,7,1758.81,0,0,0,0,0,0,0,36,3,1,0,0,0,0,0,0,0,0,0,0,0,0,0,0,0,0,1,120.533,36,36,0,7,1758.81,1,2
10037, 1759.66, 0, 60.5913, 492.297, 313.507, -0.00418008, -0.0555612, 8.33389, 0.57352, 0.20297, 0.315873, 0.00432831, 1.05402, 0.425967, 0, 1758.81, 0, 0, 0, 123, 1758.82,0,7,1758.81,0,0,0,0,0,0,0,36,3,1,0,0,0,0,0,0,0,0,0,0,0,0,0,0,0,0,1,120.533,36,36,0,7,1758.81,1,2
10038, 1759.67, 0, 59.4012, 484.677, 305.944, 0.00365576, -0.0497566, 6.34034, 0.558409, 0.198345, 0.344873, 0.00451379, 1.02975, 0.445464, 0, 1758.81, 0, 0, 0, 123, 1758.82,0,7,1758.81,0,0,0,0,0,0,0,36,3,1,0,0,0,0,0,0,0,0,0,0,0,0,0,0,0,0,1,120.533,36,36,0,7,1758.81,1,2
10039, 1759.68, 0, 58.0524, 478.054, 299.398, -0.000888756, -0.0272345, 4.63521, 0.545417, 0.194635, 0.36982, 0.0046341, 1.00896, 0.462087, 0, 1758.81, 0, 0, 0, 123, 1758.82,0,7,1758.81,0,0,0,0,0,0,0,36,3,1,0,0,0,0,0,0,0,0,0,0,0,0,0,0,0,0,1,120.533,36,36,0,7,1758.81,1,2
10040, 1759.69, 0, 56.7123, 472.468, 293.424, -0.00474516, -0.0070092, 3.18086, 0.534467, 0.192153, 0.391664, 0.00476694, 0.989989, 0.476372, 0, 1758.81, 0, 0, 0, 123, 1758.82,0,7,1758.81,0,0,0,0,0,0,0,36,3,1,0,0,0,0,0,0,0,0,0,0,0,0,0,0,0,0,1,120.533,36,36,0,7,1758.81,1,2
10041, 1759.7, 0, 55.4975, 467.907, 287.531, -0.00671166, 0.00962623, 1.97129, 0.525493, 0.191612, 0.411072, 0.00492109, 0.971433, 0.488347, 0, 1758.81, 0, 0, 0, 123, 1758.82,0,7,1758.81,0,0,0,0,0,0,0,36,3,1,0,0,0,0,0,0,0,0,0,0,0,0,0,0,0,0,1,120.533,36,36,0,7,1758.81,1,2
10042, 1759.72, 0, 54.4436, 464.421, 281.412, -0.0125914, 0.0291692, 1.06335, 0.518716, 0.193673, 0.428233, 0.00505269, 0.952588, 0.497263, 0, 1758.81, 0, 0, 0, 123, 1758.82,0,7,1758.81,0,0,0,0,0,0,0,36,3,1,0,0,0,0,0,0,0,0,0,0,0,0,0,0,0,0,1,120.533,36,36,0,7,1758.81,1,2
10043, 1759.73, 0, 53.7703, 462.102, 274.853, -0.0150152, 0.0344733, 0.462048, 0.514188, 0.198909, 0.443136, 0.00512287, 0.932569, 0.503106, 0, 1758.81, 0, 0, 0, 123, 1758.82,0,7,1758.81,0,0,0,0,0,0,0,36,3,1,0,0,0,0,0,0,0,0,0,0,0,0,0,0,0,0,1,120.533,36,36,0,7,1758.81,1,2
10044, 1759.74, 0, 53.2937, 460.768, 267.647, -0.0246421, 0.0504251, 0.13864, 0.511739, 0.207505, 0.456231, 0.00518553, 0.911212, 0.506173, 0, 1758.81, 0, 0, 0, 123, 1758.82,0,7,1758.81,0,0,0,0,0,0,0,36,3,1,0,0,0,0,0,0,0,0,0,0,0,0,0,0,0,0,1,120.533,36,36,0,7,1758.81,1,2
10045, 1759.75, 0, 53.0281, 460.135, 259.596, -0.0397544, 0.0724445, 0.0121993, 0.510717, 0.219439, 0.468181, 0.00522564, 0.887797, 0.507236, 0, 1758.81, 0, 0, 0, 123, 1758.82,0,7,1758.81,0,0,0,0,0,0,0,36,3,1,0,0,0,0,0,0,0,0,0,0,0,0,0,0,0,0,1,120.533,36,36,0,7,1758.81,1,2
10046, 1759.76, 0, 52.8802, 459.898, 250.464, -0.0533663, 0.0926046, -0.0167264, 0.510486, 0.234475, 0.480068, 0.00529582, 0.861298, 0.507357, 0, 1758.81, 0, 0, 0, 123, 1758.82,0,7,1758.81,0,0,0,0,0,0,0,36,3,1,0,0,0,0,0,0,0,0,0,0,0,0,0,0,0,0,1,120.533,36,36,0,7,1758.81,1,2
10047, 1759.78, 0, 52.8498, 459.901, 240.148, -0.0557187, 0.0957674, -0.00849107, 0.510656, 0.252506, 0.492404, 0.00542866, 0.830998, 0.507173, 0, 1758.81, 0, 0, 0, 123, 1758.82,0,7,1758.81,0,0,0,0,0,0,0,36,3,1,0,0,0,0,0,0,0,0,0,0,0,0,0,0,0,0,1,120.533,36,36,0,7,1758.81,1,2
10048, 1759.79, 0, 52.9347, 459.933, 228.868, -0.0475374, 0.0826807, -0.0123391, 0.510728, 0.273161, 0.504964, 0.00562166, 0.797515, 0.507046, 0, 1758.81, 0, 0, 0, 123, 1758.82,0,7,1758.81,0,0,0,0,0,0,0,36,3,1,0,0,0,0,0,0,0,0,0,0,0,0,0,0,0,0,1,120.533,36,36,0,7,1758.81,1,2
10049, 1759.8, 0, 52.9976, 459.956, 217.014, -0.0410449, 0.0709287, -0.0136487, 0.510828, 0.295943, 0.51706, 0.00582344, 0.762403, 0.506885, 0, 1758.81, 0, 0, 0, 123, 1758.82,0,7,1758.81,0,0,0,0,0,0,0,36,3,1,0,0,0,0,0,0,0,0,0,0,0,0,0,0,0,0,1,120.533,36,36,0,7,1758.81,1,2
10050, 1759.81, 0, 53.0393, 459.978, 204.949, -0.0375981, 0.0650498, -0.012405, 0.510954, 0.32033, 0.528072, 0.00605654, 0.726885, 0.506676, 0, 1758.81, 0, 0, 0, 123, 1758.82,0,7,1758.81,0,0,0,0,0,0,0,36,3,1,0,0,0,0,0,0,0,0,0,0,0,0,0,0,0,0,1,120.533,36,36,0,7,1758.81,1,2
10051, 1759.83, 0, 53.0159, 459.959, 192.852, -0.0382982, 0.0667747, -0.0132801, 0.511066, 0.345852, 0.537928, 0.00631847, 0.691539, 0.506461, 0, 1758.81, 0, 0, 0, 123, 1758.82,0,7,1758.81,0,0,0,0,0,0,0,36,3,1,0,0,0,0,0,0,0,0,0,0,0,0,0,0,0,0,1,120.533,36,36,0,7,1758.81,1,2
10052, 1759.84, 0, 53.0241, 459.975, 180.756, -0.0371226, 0.0649304, -0.0116289, 0.511223, 0.372485, 0.546472, 0.00660797, 0.656325, 0.506221, 0, 1758.81, 0, 0, 0, 123, 1758.82,0,7,1758.81,0,0,0,0,0,0,0,36,3,1,0,0,0,0,0,0,0,0,0,0,0,0,0,0,0,0,1,120.533,36,36,0,7,1758.81,1,2
10053, 1759.85, 0, 53.0207, 459.978, 168.656, -0.0362194, 0.063903, -0.0122391, 0.511358, 0.400131, 0.553783, 0.00693633, 0.621345, 0.505963, 0, 1758.81, 0, 0, 0, 123, 1758.82,0,7,1758.81,0,0,0,0,0,0,0,36,3,1,0,0,0,0,0,0,0,0,0,0,0,0,0,0,0,0,1,120.533,36,36,0,7,1758.81,1,2
10054, 1759.86, 0, 52.9904, 459.962, 156.543, -0.037993, 0.0667502, -0.0117758, 0.511494, 0.428792, 0.559815, 0.00728974, 0.586711, 0.50566, 0, 1758.81, 0, 0, 0, 123, 1758.82,0,7,1758.81,0,0,0,0,0,0,0,36,3,1,0,0,0,0,0,0,0,0,0,0,0,0,0,0,0,0,1,120.533,36,36,0,7,1758.81,1,2
10055, 1759.87, 0, 52.9604, 459.941, 144.437, -0.0389938, 0.0688557, -0.0124547, 0.511613, 0.458346, 0.564578, 0.00769705, 0.552434, 0.505309, 0, 1758.81, 0, 0, 0, 123, 1758.82,0,7,1758.81,0,0,0,0,0,0,0,36,3,1,0,0,0,0,0,0,0,0,0,0,0,0,0,0,0,0,1,120.533,36,36,0,7,1758.81,1,2
10056, 1759.89, 0, 52.9404, 459.932, 132.336, -0.0392381, 0.0698231, -0.0127117, 0.511744, 0.488771, 0.568019, 0.0081595, 0.518585, 0.50491, 0, 1758.81, 0, 0, 0, 123, 1758.82,0,7,1758.81,0,0,0,0,0,0,0,36,3,1,0,0,0,0,0,0,0,0,0,0,0,0,0,0,0,0,1,120.533,36,36,0,7,1758.81,1,2
10057, 1759.9, 0, 52.9223, 459.919, 120.295, -0.0383868, 0.0692282, -0.0135265, 0.511859, 0.519822, 0.570189, 0.00868712, 0.485349, 0.504442, 0, 1758.81, 0, 0, 0, 123, 1758.82,0,7,1758.81,0,0,0,0,0,0,0,36,3,1,0,0,0,0,0,0,0,0,0,0,0,0,0,0,0,0,1,120.533,36,36,0,7,1758.81,1,2
10058, 1759.91, 0, 52.9775, 459.932, 108.468, -0.031501, 0.0570613, -0.0158267, 0.511945, 0.551013, 0.571104, 0.00926236, 0.453, 0.503924, 0, 1758.81, 0, 0, 0, 123, 1758.82,0,7,1758.81,0,0,0,0,0,0,0,36,3,1,0,0,0,0,0,0,0,0,0,0,0,0,0,0,0,0,1,120.533,36,36,0,7,1758.81,1,2
10059, 1759.92, 0, 53.121, 459.989, 97.1442, -0.0205291, 0.0381381, -0.0200942, 0.512005, 0.581557, 0.570665, 0.00989901, 0.422515, 0.503361, 0, 1758.81, 0, 0, 0, 123, 1758.82,0,7,1758.81,0,0,0,0,0,0,0,36,3,1,0,0,0,0,0,0,0,0,0,0,0,0,0,0,0,0,1,120.533,36,36,0,7,1758.81,1,2
10060, 1759.93, 0, 53.2237, 460.027, 86.6064, -0.0109647, 0.0208054, -0.0226886, 0.512077, 0.610417, 0.569323, 0.0105507, 0.394652, 0.502768, 0, 1758.81, 0, 0, 0, 123, 1758.82,0,7,1758.81,0,0,0,0,0,0,0,36,3,1,0,0,0,0,0,0,0,0,0,0,0,0,0,0,0,0,1,120.533,36,36,0,7,1758.81,1,2
10061, 1759.95, 0, 53.2583, 460.048, 77.0011, -0.00681891, 0.013446, -0.0221351, 0.512183, 0.637109, 0.567204, 0.0112212, 0.369933, 0.502143, 0, 1758.81, 0, 0, 0, 123, 1758.82,0,7,1758.81,0,0,0,0,0,0,0,36,3,1,0,0,0,0,0,0,0,0,0,0,0,0,0,0,0,0,1,120.533,36,36,0,7,1758.81,1,2
10062, 1759.96, 0, 53.288, 460.068, 68.4078, -0.00328155, 0.00740936, -0.023597, 0.512282, 0.661263, 0.564597, 0.0118954, 0.348265, 0.501549, 0, 1758.81, 0, 0, 0, 123, 1758.82,0,7,1758.81,0,0,0,0,0,0,0,36,3,1,0,0,0,0,0,0,0,0,0,0,0,0,0,0,0,0,1,120.533,36,36,0,7,1758.81,1,2
10063, 1759.97, 0, 53.3171, 460.089, 60.7963, 1.84216e-05, 0.00178411, -0.0248598, 0.512372, 0.68285, 0.561734, 0.0125559, 0.329428, 0.500962, 0, 1758.81, 0, 0, 0, 123, 1758.82,0,7,1758.81,0,0,0,0,0,0,0,36,3,1,0,0,0,0,0,0,0,0,0,0,0,0,0,0,0,0,1,120.533,36,36,0,7,1758.81,1,2
10064, 1759.98, 0, 53.31, 460.086, 54.1446, 0.000331817, 0.00127714, -0.0251818, 0.512447, 0.701846, 0.558821, 0.01318, 0.313336, 0.500385, 0, 1758.81, 0, 0, 0, 123, 1758.82,0,7,1758.81,0,0,0,0,0,0,0,36,3,1,0,0,0,0,0,0,0,0,0,0,0,0,0,0,0,0,1,120.533,36,36,0,7,1758.81,1,2
10065, 1759.99, 0, 53.33, 460.095, 48.4325, 0.00288054, -0.00326814, -0.0253563, 0.512505, 0.718243, 0.556023, 0.0137628, 0.299647, 0.499834, 0, 1758.81, 0, 0, 0, 123, 1758.82,0,7,1758.81,0,0,0,0,0,0,0,36,3,1,0,0,0,0,0,0,0,0,0,0,0,0,0,0,0,0,1,120.533,36,36,0,7,1758.81,1,2
10066, 1760.01, 0, 53.3805, 460.121, 43.6489, 0.00697369, -0.0109696, -0.0240053, 0.512554, 0.732042, 0.553433, 0.0142766, 0.288286, 0.499322, 0, 1758.81, 0, 0, 0, 123, 1758.82,0,7,1758.81,0,0,0,0,0,0,0,36,3,10,0,0,0.953423,0,0,0,0,0,0,0,0,0,0,0,0,0,1,120.533,36,36,0,7,1758.81,1,2
10067, 1760.02, 0, 53.3894, 460.128, 39.7628, 0.00808875, -0.0134166, -0.0218556, 0.512605, 0.743285, 0.551195, 0.0147128, 0.279236, 0.498881, 0, 1758.81, 0, 0, 0, 123, 1758.82,0,7,1758.81,0,0,0,0,0,0,0,36,3,10,0,0,0.953423,0,0,0,0,0,0,0,0,0,0,0,0,0,1,120.533,36,36,0,7,1758.81,1,2
10068, 1760.03, 0, 53.4519, 460.171, 36.7582, 0.0124213, -0.0214282, -0.0181199, 0.512661, 0.752019, 0.549314, 0.0150724, 0.272224, 0.498498, 0, 1758.81, 0, 0, 0, 123, 1758.82,0,7,1758.81,0,0,0,0,0,0,0,36,3,10,0,0,0.953423,0,0,0,0,0,0,0,0,0,0,0,0,0,1,120.533,36,36,0,7,1758.81,1,2
10069, 1760.04, 0, 53.4547, 460.184, 34.4944, 0.0118254, -0.020322, -0.0155434, 0.512711, 0.758622, 0.547818, 0.0153544, 0.267139, 0.49821, 0, 1758.81, 0, 0, 0, 123, 1758.82,0,7,1758.81,0,0,0,0,0,0,0,36,3,10,0,0,0.953423,0,0,0,0,0,0,0,0,0,0,0,0,0,1,120.533,36,36,0,7,1758.81,1,2
10070, 1760.05, 0, 53.3828, 460.157, 32.7728, 0.00640337, -0.0109871, -0.0123292, 0.512764, 0.763635, 0.546696, 0.0155562, 0.263438, 0.497997, 0, 1758.81, 0, 0, 0, 123, 1758.82,0,7,1758.81,0,0,0,0,0,0,0,36,3,10,0,0,0.953423,0,0,0,0,0,0,0,0,0,0,0,0,0,1,120.533,36,36,0,7,1758.81,1,2
10071, 1760.07, 0, 53.3715, 460.166, 31.4012, 0.00447487, -0.0078688, -0.00723189, 0.512819, 0.767655, 0.545715, 0.0157204, 0.260462, 0.497792, 0, 1758.81, 0, 0, 0, 123, 1758.82,0,7,1758.81,0,0,0,0,0,0,0,36,3,10,0,0,0.953423,0,0,0,0,0,0,0,0,0,0,0,0,0,1,120.533,36,36,0,7,1758.81,1,2
10072, 1760.08, 0, 53.373, 460.181, 30.17, 0.00444922, -0.00776864, -0.00428678, 0.512865, 0.771256, 0.54485, 0.0158858, 0.257728, 0.497616, 0, 1758.81, 0, 0, 0, 123, 1758.82,0,7,1758.81,0,0,0,0,0,0,0,36,3,10,0,0,0.953423,0,0,0,0,0,0,0,0,0,0,0,0,0,1,120.533,36,36,0,7,1758.81,1,2
10073, 1760.09, 0, 53.3131, 460.145, 28.939, 0.000307894, -0.000551483, -0.00398139, 0.512877, 0.774837, 0.54404, 0.0160412, 0.255103, 0.49746, 0, 1758.81, 0, 0, 0, 123, 1758.82,0,7,1758.81,0,0,0,0,0,0,0,36,3,10,0,0,0.953423,0,0,0,0,0,0,0,0,0,0,0,0,0,1,120.533,36,36,0,7,1758.81,1,2
10074, 1760.1, 0, 53.3017, 460.137, 27.7337, -0.000581957, 0.000893733, -0.00355724, 0.512885, 0.778354, 0.543205, 0.0162016, 0.25245, 0.497296, 0, 1758.81, 0, 0, 0, 123, 1758.82,0,7,1758.81,0,0,0,0,0,0,0,36,3,10,0,0,0.953423,0,0,0,0,0,0,0,0,0,0,0,0,0,1,120.533,36,36,0,7,1758.81,1,2
10075, 1760.12, 0, 53.3135, 460.142, 26.535, -1.08671e-05, -4.28306e-05, -0.00331852, 0.512894, 0.781862, 0.542339, 0.0163733, 0.24979, 0.497123, 0, 1758.81, 0, 0, 0, 123, 1758.82,0,7,1758.81,0,0,0,0,0,0,0,36,3,10,0,0,0.953423,0,0,0,0,0,0,0,0,0,0,0,0,0,1,120.533,36,36,0,7,1758.81,1,2
10076, 1760.13, 0, 53.2862, 460.127, 25.323, -0.00171093, 0.0032377, -0.00362294, 0.512906, 0.785401, 0.541483, 0.0165525, 0.247172, 0.496956, 0, 1758.81, 0, 0, 0, 123, 1758.82,0,7,1758.81,0,0,0,0,0,0,0,36,3,10,0,0,0.953423,0,0,0,0,0,0,0,0,0,0,0,0,0,1,120.533,36,36,0,7,1758.81,1,2
10077, 1760.14, 0, 53.2774, 460.119, 24.1203, -0.00221835, 0.00397597, -0.00396894, 0.512914, 0.788914, 0.540622, 0.0167217, 0.244535, 0.496795, 0, 1758.81, 0, 0, 0, 123, 1758.82,0,7,1758.81,0,0,0,0,0,0,0,36,3,10,0,0,0.953423,0,0,0,0,0,0,0,0,0,0,0,0,0,1,120.533,36,36,0,7,1758.81,1,2
10078, 1760.15, 0, 53.2927, 460.128, 22.9155, -0.00127635, 0.00208346, -7.99352e-05, 0.51293, 0.792443, 0.539721, 0.0168947, 0.24187, 0.496565, 0, 1758.81, 0, 0, 0, 123, 1758.82,0,7,1758.81,0,0,0,0,0,0,0,36,3,10,0,0,0.953423,0,0,0,0,0,0,0,0,0,0,0,0,0,1,120.533,36,36,0,7,1758.81,1,2
10079, 1760.16, 0, 53.3202, 460.14, 21.7121, 0.000427712, -0.0012573, 0.00225159, 0.512938, 0.795972, 0.538806, 0.0170689, 0.239192, 0.496352, 0, 1758.81, 0, 0, 0, 123, 1758.82,0,7,1758.81,0,0,0,0,0,0,0,36,3,10,0,0,0.953423,0,0,0,0,0,0,0,0,0,0,0,0,0,1,120.533,36,36,0,7,1758.81,1,2
10080, 1760.18, 0, 53.3008, 460.129, 20.5038, -0.000792461, 0.000859609, 0.00355581, 0.512952, 0.799508, 0.537904, 0.0172506, 0.236601, 0.496157, 0, 1758.81, 0, 0, 0, 123, 1758.82,0,7,1758.81,0,0,0,0,0,0,0,36,3,10,0,0,0.953423,0,0,0,0,0,0,0,0,0,0,0,0,0,1,120.533,36,36,0,7,1758.81,1,2
10081, 1760.19, 0, 53.3036, 460.133, 19.2995, -0.00034956, -9.37228e-05, 0.00526803, 0.512973, 0.803036, 0.536985, 0.0174348, 0.233974, 0.495957, 0, 1758.81, 0, 0, 0, 123, 1758.82,0,7,1758.81,0,0,0,0,0,0,0,36,3,10,0,0,0.953423,0,0,0,0,0,0,0,0,0,0,0,0,0,1,120.533,36,36,0,7,1758.81,1,2
10082, 1760.2, 0, 53.1321, 460.04, 18.0668, -0.0114432, 0.0208385, 0.00413313, 0.512983, 0.806626, 0.536116, 0.0176516, 0.231666, 0.495765, 0, 1758.81, 0, 0, 0, 123, 1758.82,0,7,1758.81,0,0,0,0,0,0,0,36,3,10,0,0,0.953423,0,0,0,0,0,0,0,0,0,0,0,0,0,1,120.533,36,36,0,7,1758.81,1,2
10083, 1760.21, 0, 53.3671, 460.164, 16.8786, 0.00328144, -0.00728008, 0.00712867, 0.512995, 0.810154, 0.535033, 0.0178045, 0.228667, 0.495566, 0, 1758.81, 0, 0, 0, 123, 1758.82,0,7,1758.81,0,0,0,0,0,0,0,36,3,10,0,0,0.953423,0,0,0,0,0,0,0,0,0,0,0,0,0,1,120.533,36,36,0,7,1758.81,1,2
10084, 1760.22, 0, 53.3242, 460.15, 15.7106, 0.000366102, -0.000781335, 0.00672449, 0.51302, 0.813592, 0.534077, 0.0180376, 0.22631, 0.495361, 0, 1758.81, 0, 0, 0, 123, 1758.82,0,7,1758.81,0,0,0,0,0,0,0,36,3,10,0,0,0.953423,0,0,0,0,0,0,0,0,0,0,0,0,0,1,120.533,36,36,0,7,1758.81,1,2
10085, 1760.24, 0, 53.174, 460.07, 14.4352, -0.00774254, 0.0135671, 0.00453304, 0.513044, 0.817286, 0.53322, 0.0182382, 0.223761, 0.495217, 0, 1758.81, 0, 0, 0, 123, 1758.82,0,7,1758.81,0,0,0,0,0,0,0,36,3,10,0,0,0.953423,0,0,0,0,0,0,0,0,0,0,0,0,0,1,120.533,36,36,0,7,1758.81,1,2
10086, 1760.25, 0, 53.2787, 460.127, 13.2549, -0.0024, 0.00405959, 0.00497334, 0.513053, 0.820799, 0.532108, 0.0184474, 0.221171, 0.495004, 0, 1758.81, 0, 0, 0, 123, 1758.82,0,7,1758.81,0,0,0,0,0,0,0,36,3,12,0,0,0.953423,104.733,0,0,0,0,0,0,0,-18.3125,0,0,0,1,1,120.533,36,36,0,7,1758.81,1,2
10087, 1760.26, 0, 53.3091, 460.144, 12.0631, 0.000218055, -0.00116813, 0.00504522, 0.513069, 0.824297, 0.531135, 0.018643, 0.218543, 0.494818, 0, 1758.81, 0, 0, 0, 123, 1758.82,0,7,1758.81,0,0,0,0,0,0,0,36,3,12,0,0,0.953423,104.733,0,0,0,0,0,0,0,-18.3125,0,0,0,1,1,120.533,36,36,0,7,1758.81,1,2
10088, 1760.27, 0, 53.3019, 460.096, 10.8866, -0.00136633, 0.00156046, 0.000485427, 0.51298, 0.827752, 0.530167, 0.0188447, 0.216112, 0.494602, 0, 1758.81, 0, 0, 0, 123, 1758.82,0,7,1758.81,0,0,0,0,0,0,0,36,3,12,0,0,0.953423,104.733,0,0,0,0,0,0,0,-18.3125,0,0,0,1,1,120.533,36,36,0,7,1758.81,1,2
10089, 1760.28, 0, 53.3664, 460.104, 9.92892, 0.00318317, -0.00624115, -0.00293429, 0.512921, 0.830567, 0.529361, 0.0190427, 0.213946, 0.4944, 0, 1758.81, 0, 0, 0, 123, 1758.82,0,7,1758.81,0,0,0,0,0,0,0,36,3,12,0,0,0.953423,104.733,0,0,0,0,0,0,0,-18.3125,0,0,0,1,1,120.533,36,36,0,7,1758.81,1,2
10090, 1760.3, 0, 53.3912, 460.117, 9.30807, 0.00460072, -0.00930248, -0.00105409, 0.51293, 0.832399, 0.528814, 0.0191392, 0.212603, 0.494277, 0, 1758.81, 0, 0, 0, 123, 1758.82,0,7,1758.81,0,0,0,0,0,0,0,36,3,12,0,0,0.953423,104.733,0,0,0,0,0,0,0,-18.3125,0,0,0,1,1,120.533,36,36,0,7,1758.81,1,2
10091, 1760.31, 0, 53.3459, 460.123, 9.03135, 0.00142558, -0.0035489, 0.00419827, 0.513007, 0.833224, 0.528544, 0.0191844, 0.212162, 0.494216, 0, 1758.81, 0, 0, 0, 123, 1758.82,0,7,1758.81,0,0,0,0,0,0,0,36,3,12,0,0,0.953423,104.733,0,0,0,0,0,0,0,-18.3125,0,0,0,1,1,120.533,36,36,0,7,1758.81,1,2
10092, 1760.32, 0, 53.3124, 460.114, 8.96499, -0.00160614, 0.00153812, 0.00484444, 0.513034, 0.833429, 0.528461, 0.0191743, 0.212144, 0.494241, 0, 1758.81, 0, 0, 0, 123, 1758.82,0,7,1758.81,0,0,0,0,0,0,0,36,3,12,0,0,0.953423,104.733,0,0,0,0,0,0,0,-18.3125,0,0,0,1,1,120.533,36,36,0,7,1758.81,1,2
10093, 1760.33, 0, 53.268, 460.087, 8.96665, -0.00436204, 0.00647019, 0.00457117, 0.51303, 0.833413, 0.528501, 0.0191693, 0.212218, 0.494247, 0, 1758.81, 0, 0, 0, 123, 1758.82,0,7,1758.81,0,0,0,0,0,0,0,36,3,12,0,0,0.953423,104.733,0,0,0,0,0,0,0,-18.3125,0,0,0,1,1,120.533,36,36,0,7,1758.81,1,2
10094, 1760.35, 0, 53.2567, 460.077, 8.96393, -0.00505762, 0.00772563, 0.00396256, 0.51302, 0.833416, 0.528516, 0.0191693, 0.212226, 0.494247, 0, 1758.81, 0, 0, 0, 123, 1758.82,0,7,1758.81,0,0,0,0,0,0,0,36,3,12,0,0,0.953423,104.733,0,0,0,0,0,0,0,-18.3125,0,0,0,1,1,120.533,36,36,0,7,1758.81,1,2
10095, 1760.36, 0, 53.2527, 460.071, 8.96344, -0.00536154, 0.00828162, 0.00357552, 0.513013, 0.833416, 0.52852, 0.0191693, 0.212232, 0.494247, 0, 1758.81, 0, 0, 0, 123, 1758.82,0,7,1758.81,0,0,0,0,0,0,0,36,3,12,0,0,0.953423,104.733,0,0,0,0,0,0,0,-18.3125,0,0,0,1,1,120.533,36,36,0,7,1758.81,1,2
10096, 1760.37, 0, 53.2489, 460.069, 8.96292, -0.00556422, 0.00864732, 0.00351974, 0.513012, 0.833416, 0.528525, 0.0191693, 0.212235, 0.494247, 0, 1758.81, 0, 0, 0, 123, 1758.82,0,7,1758.81,0,0,0,0,0,0,0,36,3,12,0,0,0.953423,104.733,0,0,0,0,0,0,0,-18.3125,0,0,0,1,1,120.533,36,36,0,7,1758.81,1,2
10097, 1760.38, 0, 53.2437, 460.066, 8.96243, -0.00586916, 0.00920257, 0.0035186, 0.513012, 0.833416, 0.52853, 0.0191693, 0.212241, 0.494247, 0, 1758.81, 0, 0, 0, 123, 1758.82,0,7,1758.81,0,0,0,0,0,0,0,36,3,11,0,0,0.953423,104.733,0,0,0,0,0,0,0,-18.3125,0,0,0,1,1,120.533,36,36,0,7,1758.81,1,2
10098, 1760.39, 0, 53.2437, 460.066, 8.96243, -0.00586916, 0.00920257, 0.0035186, 0.513012, 0.833416, 0.52853, 0.0191693, 0.212241, 0.494247, 0, 1758.81, 0, 0, 0, 123, 1758.82,0,7,1758.81,0,0,0,0,0,0,0,36,3,11,0,0,0.953423,104.733,0,0,0,0,0,0,0,-18.3125,0,0,0,1,1,120.533,36,36,0,7,1758.81,1,2
10099, 1760.41, 0, 53.2421, 460.065, 8.96245, -0.00606047, 0.00943019, 0.00379932, 0.513012, 0.833416, 0.52853, 0.0191643, 0.212246, 0.494247, 0, 1758.81, 0, 0, 0, 123, 1758.82,0,7,1758.81,0,0,0,0,0,0,0,36,3,11,0,0,0.953423,104.733,0,0,0,0,0,0,0,-18.3125,0,0,0,1,1,120.533,36,36,0,7,1758.81,1,2
10100, 1760.42, 0, 53.2421, 460.065, 8.96245, -0.00606047, 0.00943019, 0.00379932, 0.513012, 0.833416, 0.52853, 0.0191643, 0.212246, 0.494247, 0, 1758.81, 0, 0, 0, 123, 1758.82,0,7,1758.81,0,0,0,0,0,0,0,36,4,11,0,0,0.953423,104.733,0,0,0,0,0,0,0,-18.3125,0,0,0,1,1,120.533,36,36,0,7,1758.81,1,2
10101, 1760.43, 0, 53.2421, 460.065, 8.96245, -0.00606047, 0.00943019, 0.00379932, 0.513012, 0.833416, 0.52853, 0.0191643, 0.212246, 0.494247, 0, 1758.81, 0, 0, 0, 123, 1758.82,0,7,1758.81,0,0,0,0,0,0,0,36,4,11,0,0,0.953423,104.733,0,0,0,0,0,0,0,-18.3125,0,0,0,1,1,120.533,36,36,0,7,1758.81,1,2
10102, 1760.44, 0, 53.2199, 460.048, 8.96725, -0.00712863, 0.0113774, 0.0032453, 0.513002, 0.83339, 0.528573, 0.0191643, 0.212268, 0.494247, 0, 1758.81, 0, 0, 0, 123, 1758.82,0,7,1758.81,0,0,0,0,0,0,0,36,4,11,0,0,0.953423,104.733,0,0,0,0,0,0,0,-18.3125,0,0,0,1,1,120.533,36,36,0,7,1758.81,1,2
10103, 1760.45, 0, 53.1565, 459.99, 8.99913, -0.0115908, 0.0193403, -0.000524565, 0.512949, 0.833279, 0.528665, 0.0191493, 0.212447, 0.494274, 0, 1758.81, 0, 0, 0, 123, 1758.82,0,7,1758.81,0,0,0,0,0,0,0,36,4,11,0,0,0.953423,104.733,0,0,0,0,0,0,0,-18.3125,0,0,0,1,1,120.533,36,36,0,7,1758.81,1,2
10104, 1760.47, 0, 53.2055, 460.003, 9.19453, -0.00771642, 0.0122476, -0.0041698, 0.512912, 0.832694, 0.528859, 0.0191179, 0.212696, 0.494333, 0, 1758.81, 0, 0, 0, 123, 1758.82,0,7,1758.81,0,0,0,0,0,0,0,36,4,11,0,0,0.953423,104.733,0,0,0,0,0,0,0,-18.3125,0,0,0,1,1,120.533,36,36,0,7,1758.81,1,2
10105, 1760.48, 0, 53.3009, 460.04, 9.80073, -5.23859e-05, -0.00118657, -0.00460646, 0.512865, 0.830898, 0.529404, 0.0190377, 0.213677, 0.494377, 0, 1758.81, 0, 0, 0, 123, 1758.82,0,7,1758.81,0,0,0,0,0,0,0,36,4,11,0,0,0.953423,104.733,0,0,0,0,0,0,0,-18.3125,0,0,0,1,1,120.533,36,36,0,7,1758.81,1,2
10106, 1760.49, 0, 53.4502, 460.11, 11.1067, 0.0106474, -0.0206426, -0.00163143, 0.512823, 0.827059, 0.530488, 0.0188134, 0.216045, 0.494513, 0, 1758.81, 0, 0, 0, 123, 1758.82,0,7,1758.81,0,0,0,0,0,0,0,36,4,11,0,0,0.953423,104.733,0,0,0,0,0,0,0,-18.3125,0,0,0,1,1,120.533,36,36,0,7,1758.81,1,2
10107, 1760.5, 0, 53.5691, 460.178, 13.305, 0.0193701, -0.0355665, 0.000374133, 0.512796, 0.820604, 0.532277, 0.0184688, 0.220408, 0.494807, 0, 1758.81, 0, 0, 0, 123, 1758.82,0,7,1758.81,0,0,0,0,0,0,0,36,4,11,0,0,0.953423,104.733,0,0,0,0,0,0,0,-18.3125,0,0,0,1,1,120.533,36,36,0,7,1758.81,1,2
10108, 1760.51, 0, 53.6536, 460.235, 16.485, 0.025643, -0.0458997, 0.00264514, 0.512777, 0.811274, 0.534811, 0.0179725, 0.226992, 0.495259, 0, 1758.81, 0, 0, 0, 123, 1758.82,0,7,1758.81,0,0,0,0,0,0,0,36,4,11,0,0,0.953423,104.733,0,0,0,0,0,0,0,-18.3125,0,0,0,1,1,120.533,36,36,0,7,1758.81,1,2
10109, 1760.53, 0, 53.7289, 460.29, 20.6569, 0.0314677, -0.0557302, 0.00583508, 0.512758, 0.799044, 0.538036, 0.0173321, 0.235798, 0.495844, 0, 1758.81, 0, 0, 0, 123, 1758.82,0,7,1758.81,0,0,0,0,0,0,0,36,4,11,0,0,0.953423,104.733,0,0,0,0,0,0,0,-18.3125,0,0,0,1,1,120.533,36,36,0,7,1758.81,1,2
10110, 1760.54, 0, 53.8022, 460.349, 25.8181, 0.0369338, -0.0648079, 0.00796453, 0.512738, 0.783951, 0.541808, 0.0165876, 0.246931, 0.496555, 0, 1758.81, 0, 0, 0, 123, 1758.82,0,7,1758.81,0,0,0,0,0,0,0,36,4,11,0,0,0.953423,104.733,0,0,0,0,0,0,0,-18.3125,0,0,0,1,1,120.533,36,36,0,7,1758.81,1,2
10111, 1760.55, 0, 53.8633, 460.389, 31.9632, 0.0411676, -0.0720729, 0.00642984, 0.512681, 0.766029, 0.546026, 0.0157504, 0.260487, 0.497391, 0, 1758.81, 0, 0, 0, 123, 1758.82,0,7,1758.81,0,0,0,0,0,0,0,36,4,20,0,0,0.953423,104.733,0,0,0,0,0,0,0,-18.3125,0,0,-12.3007,1,1,120.533,36,36,0,7,1758.81,1,2
10112, 1760.56, 0, 53.9368, 460.442, 39.0871, 0.0464319, -0.0808232, 0.00742557, 0.512626, 0.745338, 0.550497, 0.0148769, 0.276527, 0.498227, 0, 1758.81, 0, 0, 0, 123, 1758.82,0,7,1758.81,0,0,0,0,0,0,0,36,4,20,0,0,0.953423,104.733,0,0,0,0,0,0,0,-18.3125,0,0,-12.3007,1,1,120.533,36,36,0,7,1758.81,1,2
10113, 1760.58, 0, 53.9554, 460.463, 47.1647, 0.047452, -0.0821514, 0.00711447, 0.512557, 0.721996, 0.555053, 0.0139708, 0.295283, 0.49911, 0, 1758.81, 0, 0, 0, 123, 1758.82,0,7,1758.81,0,0,0,0,0,0,0,36,4,20,0,0,0.953423,104.733,0,0,0,0,0,0,0,-18.3125,0,0,-12.3007,1,1,120.533,36,36,0,7,1758.81,1,2
10114, 1760.59, 0, 53.9629, 460.475, 56.1752, 0.0482967, -0.0837179, 0.00570511, 0.512478, 0.696114, 0.559512, 0.0130534, 0.316673, 0.500016, 0, 1758.81, 0, 0, 0, 123, 1758.82,0,7,1758.81,0,0,0,0,0,0,0,36,4,20,0,0,0.953423,104.733,0,0,0,0,0,0,0,-18.3125,0,0,-12.3007,1,1,120.533,36,36,0,7,1758.81,1,2
10115, 1760.6, 0, 53.975, 460.483, 66.1176, 0.0489084, -0.0849858, 0.00373199, 0.512375, 0.667809, 0.563584, 0.0121536, 0.340881, 0.500898, 0, 1758.81, 0, 0, 0, 123, 1758.82,0,7,1758.81,0,0,0,0,0,0,0,36,4,20,0,0,0.953423,104.733,0,0,0,0,0,0,0,-18.3125,0,0,-12.3007,1,1,120.533,36,36,0,7,1758.81,1,2
10116, 1760.61, 0, 53.9852, 460.493, 76.9265, 0.0485176, -0.0849401, 0.00531329, 0.512275, 0.637389, 0.566979, 0.0112814, 0.367908, 0.501698, 0, 1758.81, 0, 0, 0, 123, 1758.82,0,7,1758.81,0,0,0,0,0,0,0,36,4,20,0,0,0.953423,104.733,0,0,0,0,0,0,0,-18.3125,0,0,-12.3007,1,1,120.533,36,36,0,7,1758.81,1,2
10117, 1760.62, 0, 53.9544, 460.5, 88.3983, 0.0449419, -0.0787502, 0.00908536, 0.512209, 0.605558, 0.569407, 0.0104793, 0.397434, 0.502431, 0, 1758.81, 0, 0, 0, 123, 1758.82,0,7,1758.81,0,0,0,0,0,0,0,36,4,20,0,0,0.953423,104.733,0,0,0,0,0,0,0,-18.3125,0,0,-12.3007,1,1,120.533,36,36,0,7,1758.81,1,2
10118, 1760.64, 0, 53.8865, 460.485, 100.284, 0.0399372, -0.0698488, 0.00906928, 0.512134, 0.573081, 0.570755, 0.00975614, 0.42874, 0.503144, 0, 1758.81, 0, 0, 0, 123, 1758.82,0,7,1758.81,0,0,0,0,0,0,0,36,4,20,0,0,0.953423,104.733,0,0,0,0,0,0,0,-18.3125,0,0,-12.3007,1,1,120.533,36,36,0,7,1758.81,1,2
10119, 1760.65, 0, 53.9045, 460.501, 112.347, 0.0394626, -0.0697527, 0.0116821, 0.512025, 0.540777, 0.570755, 0.00910194, 0.461048, 0.503711, 0, 1758.81, 0, 0, 0, 123, 1758.82,0,7,1758.81,0,0,0,0,0,0,0,36,4,20,0,0,0.953423,104.733,0,0,0,0,0,0,0,-18.3125,0,0,-12.3007,1,1,120.533,36,36,0,7,1758.81,1,2
10120, 1760.66, 0, 53.8794, 460.484, 124.435, 0.0373192, -0.0658996, 0.0108846, 0.511886, 0.509062, 0.56953, 0.00853923, 0.494065, 0.50422, 0, 1758.81, 0, 0, 0, 123, 1758.82,0,7,1758.81,0,0,0,0,0,0,0,36,4,20,0,0,0.953423,104.733,0,0,0,0,0,0,0,-18.3125,0,0,-12.3007,1,1,120.533,36,36,0,7,1758.81,1,2
10121, 1760.67, 0, 53.8415, 460.464, 136.521, 0.0349776, -0.0616097, 0.00714529, 0.511758, 0.478097, 0.567025, 0.0080442, 0.527619, 0.504724, 0, 1758.81, 0, 0, 0, 123, 1758.82,0,7,1758.81,0,0,0,0,0,0,0,36,4,20,0,0,0.953423,104.733,0,0,0,0,0,0,0,-18.3125,0,0,-12.3007,1,1,120.533,36,36,0,7,1758.81,1,2
10122, 1760.68, 0, 53.8098, 460.446, 148.598, 0.0325147, -0.0580953, 0.00731251, 0.511634, 0.447985, 0.563212, 0.00759052, 0.561618, 0.505123, 0, 1758.81, 0, 0, 0, 123, 1758.82,0,7,1758.81,0,0,0,0,0,0,0,36,4,20,0,0,0.953423,104.733,0,0,0,0,0,0,0,-18.3125,0,0,-12.3007,1,1,120.533,36,36,0,7,1758.81,1,2
10123, 1760.7, 0, 53.8061, 460.435, 160.688, 0.0318942, -0.0583186, 0.00734469, 0.511494, 0.418723, 0.558103, 0.00718071, 0.595991, 0.505464, 0, 1758.81, 0, 0, 0, 123, 1758.82,0,7,1758.81,0,0,0,0,0,0,0,36,4,20,0,0,0.953423,104.733,0,0,0,0,0,0,0,-18.3125,0,0,-12.3007,1,1,120.533,36,36,0,7,1758.81,1,2
10124, 1760.71, 0, 53.7619, 460.415, 172.763, 0.0296046, -0.0538518, 0.00716262, 0.511371, 0.390425, 0.551729, 0.00683982, 0.630749, 0.505763, 0, 1758.81, 0, 0, 0, 123, 1758.82,0,7,1758.81,0,0,0,0,0,0,0,36,4,20,0,0,0.953423,104.733,0,0,0,0,0,0,0,-18.3125,0,0,-12.3007,1,1,120.533,36,36,0,7,1758.81,1,2
10125, 1760.72, 0, 53.7364, 460.399, 184.847, 0.0277915, -0.0506901, 0.00731124, 0.511238, 0.363121, 0.544046, 0.00652902, 0.665801, 0.506016, 0, 1758.81, 0, 0, 0, 123, 1758.82,0,7,1758.81,0,0,0,0,0,0,0,36,4,20,0,0,0.953423,104.733,0,0,0,0,0,0,0,-18.3125,0,0,-12.3007,1,1,120.533,36,36,0,7,1758.81,1,2
10126, 1760.73, 0, 53.7063, 460.377, 196.923, 0.0254374, -0.0467509, 0.00610739, 0.511097, 0.336872, 0.535107, 0.00624829, 0.701068, 0.506256, 0, 1758.81, 0, 0, 0, 123, 1758.82,0,7,1758.81,0,0,0,0,0,0,0,36,4,20,0,0,0.953423,104.733,0,0,0,0,0,0,0,-18.3125,0,0,-12.3007,1,1,120.533,36,36,0,7,1758.81,1,2
10127, 1760.74, 0, 53.6951, 460.366, 208.999, 0.0238746, -0.0444379, 0.00607088, 0.510958, 0.311726, 0.52489, 0.00599388, 0.736479, 0.506452, 0, 1758.81, 0, 0, 0, 123, 1758.82,0,7,1758.81,0,0,0,0,0,0,0,36,4,20,0,0,0.953423,104.733,0,0,0,0,0,0,0,-18.3125,0,0,-12.3007,1,1,120.533,36,36,0,7,1758.81,1,2
10128, 1760.76, 0, 53.6385, 460.344, 220.961, 0.0186134, -0.0349588, 0.00697331, 0.510852, 0.28795, 0.513517, 0.00577331, 0.771818, 0.506632, 0, 1758.81, 0, 0, 0, 123, 1758.82,0,7,1758.81,0,0,0,0,0,0,0,36,4,20,0,0,0.953423,104.733,0,0,0,0,0,0,0,-18.3125,0,0,-12.3007,1,1,120.533,36,36,0,7,1758.81,1,2
10129, 1760.77, 0, 53.5009, 460.279, 232.532, 0.00623619, -0.0129281, 0.00723903, 0.510756, 0.266052, 0.501349, 0.0055778, 0.806324, 0.506806, 0, 1758.81, 0, 0, 0, 123, 1758.82,0,7,1758.81,0,0,0,0,0,0,0,36,4,20,0,0,0.953423,104.733,0,0,0,0,0,0,0,-18.3125,0,0,-12.3007,1,1,120.533,36,36,0,7,1758.81,1,2
10130, 1760.78, 0, 53.361, 460.206, 243.32, -0.00609922, 0.00871001, 0.00731773, 0.510656, 0.246592, 0.489035, 0.00540861, 0.838533, 0.506948, 0, 1758.81, 0, 0, 0, 123, 1758.82,0,7,1758.81,0,0,0,0,0,0,0,36,4,20,0,0,0.953423,104.733,0,0,0,0,0,0,0,-18.3125,0,0,-12.3007,1,1,120.533,36,36,0,7,1758.81,1,2
10131, 1760.79, 0, -81.0915, -104.073, 252.319, 0.100171, 0.293437, -89.9851, 0.510668, 0.229999, 0.477303, 0.00528203, 0.867146, 0.507046, 0, 1758.81, 0, 0, 0, 123, 1758.82,0,7,1758.81,0,0,0,0,0,0,0,36,4,20,0,0,0.953423,104.733,0,0,0,0,0,0,0,-18.3125,0,0,-12.3007,1,1,120.533,36,36,0,7,1758.81,1,2
10132, 1760.8, 0, -80.9663, -103.919, 260.513, 0.0955331, 0.305393, -89.9566, 0.511135, 0.216449, 0.466755, 0.00521686, 0.891466, 0.507153, 0, 1758.81, 0, 0, 0, 123, 1758.82,0,7,1758.81,0,0,0,0,0,0,0,36,4,20,0,0,0.953423,104.733,0,0,0,0,0,0,0,-18.3125,0,0,-12.3007,1,1,120.533,36,36,0,7,1758.81,1,2
10133, 1760.82, 0, -80.3092, -103.61, 267.262, 0.101048, 0.306173, -89.8526, 0.513, 0.205775, 0.457579, 0.0052507, 0.91128, 0.507265, 0, 1758.81, 0, 0, 0, 123, 1758.82,0,7,1758.81,0,0,0,0,0,0,0,36,4,20,0,0,0.953423,104.733,0,0,0,0,0,0,0,-18.3125,0,0,-12.3007,1,1,120.533,36,36,0,7,1758.81,1,2
10134, 1760.83, 0, -78.8644, -102.874, 272.642, 0.102367, 0.307798, -89.6079, 0.517358, 0.197663, 0.44986, 0.00523065, 0.927124, 0.507429, 0, 1758.81, 0, 0, 0, 123, 1758.82,0,7,1758.81,0,0,0,0,0,0,0,36,4,20,0,0,0.953423,104.733,0,0,0,0,0,0,0,-18.3125,0,0,-12.3007,1,1,120.533,36,36,0,7,1758.81,1,2
10135, 1760.84, 0, -76.3018, -101.473, 276.695, 0.0971088, 0.318319, -89.1643, 0.525266, 0.191943, 0.443618, 0.00519681, 0.93929, 0.507667, 0, 1758.81, 0, 0, 0, 123, 1758.82,0,7,1758.81,0,0,0,0,0,0,0,36,4,20,0,0,0.953423,104.733,0,0,0,0,0,0,0,-18.3125,0,0,-12.3007,1,1,120.533,36,36,0,7,1758.81,1,2
10136, 1760.85, 0, -72.4257, -99.3952, 279.451, 0.0933961, 0.321536, -88.4943, 0.537212, 0.188421, 0.438951, 0.00513164, 0.947558, 0.507991, 0, 1758.81, 0, 0, 0, 123, 1758.82,0,7,1758.81,0,0,0,0,0,0,0,36,4,20,0,0,0.953423,104.733,0,0,0,0,0,0,0,-18.3125,0,0,-12.3007,1,1,120.533,36,36,0,7,1758.81,1,2
10137, 1760.87, 0, -67.1881, -96.5967, 281.025, 0.0972985, 0.309118, -87.5915, 0.553328, 0.186755, 0.435875, 0.00506021, 0.952077, 0.508411, 0, 1758.81, 0, 0, 0, 123, 1758.82,0,7,1758.81,0,0,0,0,0,0,0,36,4,20,0,0,0.953423,104.733,0,0,0,0,0,0,0,-18.3125,0,0,-12.3007,1,1,120.533,36,36,0,7,1758.81,1,2
10138, 1760.88, 0, -60.5298, -92.8982, 281.688, 0.106043, 0.292321, -86.4386, 0.57392, 0.186595, 0.433923, 0.00504391, 0.953856, 0.5089, 0, 1758.81, 0, 0, 0, 123, 1758.82,0,7,1758.81,0,0,0,0,0,0,0,36,4,20,0,0,0.953423,104.733,0,0,0,0,0,0,0,-18.3125,0,0,-12.3007,1,1,120.533,36,36,0,7,1758.81,1,2
10139, 1760.89, 0, -52.6057, -88.2058, 281.899, 0.110231, 0.276372, -85.0423, 0.59886, 0.187269, 0.432424, 0.00495619, 0.9544, 0.509523, 0, 1758.81, 0, 0, 0, 123, 1758.82,0,7,1758.81,0,0,0,0,0,0,0,36,4,20,0,0,0.953423,104.733,0,0,0,0,0,0,0,-18.3125,0,0,-12.3007,1,1,120.533,36,36,0,7,1758.81,1,2
10140, 1760.9, 0, -43.6741, -82.5153, 281.924, 0.102907, 0.267156, -83.4286, 0.627627, 0.18845, 0.430911, 0.00472559, 0.954652, 0.51026, 0, 1758.81, 0, 0, 0, 123, 1758.82,0,7,1758.81,0,0,0,0,0,0,0,36,5,30,0,0,0.953423,104.733,0,0,0,0,0,0,0,-18.3125,0,0,-12.3007,1,1,120.533,36,36,0,7,1758.81,1,2
10141, 1760.91, 0, -34.134, -76.0177, 281.941, 0.0963394, 0.258958, -81.6756, 0.658898, 0.189744, 0.429286, 0.00452005, 0.954911, 0.511055, 0, 1758.81, 0, 0, 0, 123, 1758.82,0,7,1758.81,0,0,0,0,0,0,0,36,5,30,0,0,0.953423,104.733,0,0,0,0,0,0,0,-18.3125,0,0,-12.3007,1,1,120.533,36,36,0,7,1758.81,1,2
10142, 1760.93, 0, -24.4524, -68.9749, 281.951, 0.0920757, 0.253341, -79.866, 0.691215, 0.191142, 0.427558, 0.0043847, 0.95519, 0.511868, 0, 1758.81, 0, 0, 0, 123, 1758.82,0,7,1758.81,0,0,0,0,0,0,0,36,5,30,0,0,0.953423,104.733,0,0,0,0,0,0,0,-18.3125,0,0,-12.3007,1,1,120.533,36,36,0,7,1758.81,1,2
10143, 1760.94, 0, -14.8791, -61.5723, 281.98, 0.0919788, 0.244151, -78.0445, 0.723789, 0.192529, 0.425777, 0.00428946, 0.955442, 0.512706, 0, 1758.81, 0, 0, 0, 123, 1758.82,0,7,1758.81,0,0,0,0,0,0,0,36,5,30,0,0,0.953423,104.733,0,0,0,0,0,0,0,-18.3125,0,0,-12.3007,1,1,120.533,36,36,0,7,1758.81,1,2
10144, 1760.95, 0, -5.57695, -53.8594, 281.995, 0.0901386, 0.237467, -76.2283, 0.756272, 0.193938, 0.424011, 0.00418794, 0.95571, 0.51355, 0, 1758.81, 0, 0, 0, 123, 1758.82,0,7,1758.81,0,0,0,0,0,0,0,36,5,30,0,0,0.953423,104.733,0,0,0,0,0,0,0,-18.3125,0,0,-12.3007,1,3,120.533,36,36,0,7,1758.81,1,2
10145, 1760.96, 0, 3.47665, -45.8442, 282.012, 0.0887194, 0.231127, -74.4142, 0.788716, 0.195348, 0.422238, 0.00409771, 0.955986, 0.514386, 0, 1758.81, 0, 0, 0, 123, 1758.82,0,7,1758.81,0,0,0,0,0,0,0,36,5,30,0,0,0.953423,104.733,0,0,0,0,0,0,0,-18.3125,0,0,-12.3007,1,3,120.533,36,36,0,7,1758.81,1,2
10146, 1760.97, 0, 12.2706, -37.5317, 282.018, 0.0861376, 0.225064, -72.5999, 0.821151, 0.19678, 0.42047, 0.00398868, 0.956249, 0.515218, 0, 1758.81, 0, 0, 0, 123, 1758.82,0,7,1758.81,0,0,0,0,0,0,0,36,5,30,0,0,0.953423,104.733,0,0,0,0,0,0,0,-18.3125,0,0,-12.3007,1,3,120.533,36,36,0,7,1758.81,1,2
10147, 1760.99, 0, 20.7948, -28.9272, 282.036, 0.0842771, 0.219528, -70.7885, 0.85355, 0.198184, 0.418697, 0.00389844, 0.956547, 0.516056, 0, 1758.81, 0, 0, 0, 123, 1758.82,0,7,1758.81,0,0,0,0,0,0,0,36,5,30,0,0,0.953423,104.733,0,0,0,0,0,0,0,-18.3125,0,0,-12.3007,1,3,120.533,36,36,0,7,1758.81,1,2
10148, 1761, 0, 29.0244, -20.074, 282.057, 0.0820736, 0.212593, -68.9819, 0.885852, 0.199574, 0.416927, 0.0037869, 0.956838, 0.516892, 0, 1758.81, 0, 0, 0, 123, 1758.82,0,7,1758.81,0,0,0,0,0,0,0,36,5,30,0,0,0.953423,104.733,0,0,0,0,0,0,0,-18.3125,0,0,-12.3007,1,3,120.533,36,36,0,7,1758.81,1,2
10149, 1761.01, 0, 36.9662, -10.9512, 282.074, 0.080238, 0.206561, -67.1783, 0.918111, 0.200971, 0.415163, 0.00369165, 0.957126, 0.517728, 0, 1758.81, 0, 0, 0, 123, 1758.82,0,7,1758.81,0,0,0,0,0,0,0,36,5,30,0,0,0.953423,104.733,0,0,0,0,0,0,0,-18.3125,0,0,-12.3007,1,2,120.533,36,36,0,7,1758.81,1,2
10150, 1761.02, 0, 44.6121, -1.56781, 282.077, 0.0774605, 0.201237, -65.3754, 0.950355, 0.202393, 0.413407, 0.00358638, 0.957401, 0.518566, 0, 1758.81, 0, 0, 0, 123, 1758.82,0,7,1758.81,0,0,0,0,0,0,0,36,5,30,0,0,0.953423,104.733,0,0,0,0,0,0,0,-18.3125,0,0,-12.3007,1,2,120.533,36,36,0,7,1758.81,1,2
10151, 1761.03, 0, 51.9432, 8.05167, 282.092, 0.0754054, 0.196444, -63.5764, 0.982509, 0.203788, 0.411648, 0.00349991, 0.957708, 0.519373, 0, 1758.81, 0, 0, 0, 123, 1758.82,0,7,1758.81,0,0,0,0,0,0,0,36,5,30,0,0,0.953423,104.733,0,0,0,0,0,0,0,-18.3125,0,0,-12.3007,1,2,120.533,36,36,0,7,1758.81,1,2
10152, 1761.05, 0, 58.9696, 17.9194, 282.107, 0.0727376, 0.191185, -61.7783, 1.01468, 0.20517, 0.409898, 0.00339714, 0.958017, 0.520221, 0, 1758.81, 0, 0, 0, 123, 1758.82,0,7,1758.81,0,0,0,0,0,0,0,36,5,30,0,0,0.953423,104.733,0,0,0,0,0,0,0,-18.3125,0,0,-12.3007,1,2,120.533,36,36,0,7,1758.81,1,2
10153, 1761.06, 0, 65.6651, 27.9822, 282.123, 0.0712303, 0.186042, -59.9872, 1.04671, 0.206551, 0.408147, 0.00331693, 0.958319, 0.52104, 0, 1758.81, 0, 0, 0, 123, 1758.82,0,7,1758.81,0,0,0,0,0,0,0,36,5,30,0,0,0.953423,104.733,0,0,0,0,0,0,0,-18.3125,0,0,-12.3007,1,2,120.533,36,36,0,7,1758.81,1,2
10154, 1761.07, 0, 72.0523, 38.266, 282.139, 0.0686552, 0.179822, -58.1939, 1.07877, 0.207948, 0.406374, 0.00320539, 0.958621, 0.521868, 0, 1758.81, 0, 0, 0, 123, 1758.82,0,7,1758.81,0,0,0,0,0,0,0,36,5,30,0,0,0.953423,104.733,0,0,0,0,0,0,0,-18.3125,0,0,-12.3007,1,2,120.533,36,36,0,7,1758.81,1,2
10155, 1761.08, 0, 78.0914, 48.7388, 282.153, 0.0674251, 0.174698, -56.4058, 1.11071, 0.209325, 0.40463, 0.0031302, 0.95892, 0.522643, 0, 1758.81, 0, 0, 0, 123, 1758.82,0,7,1758.81,0,0,0,0,0,0,0,36,5,30,0,0,0.953423,104.733,0,0,0,0,0,0,0,-18.3125,0,0,-12.3007,1,2,120.533,36,36,0,7,1758.81,1,2
10156, 1761.1, 0, 83.7901, 59.4144, 282.166, 0.0639598, 0.169808, -54.6173, 1.14267, 0.210701, 0.402888, 0.00301615, 0.959239, 0.523454, 0, 1758.81, 0, 0, 0, 123, 1758.82,0,7,1758.81,0,0,0,0,0,0,0,36,5,30,0,0,0.953423,104.733,0,0,0,0,0,0,0,-18.3125,0,0,-12.3007,1,2,120.533,36,36,0,7,1758.81,1,2
10157, 1761.11, 0, 89.1583, 70.2578, 282.182, 0.0628657, 0.163875, -52.8347, 1.17455, 0.212072, 0.401139, 0.00293469, 0.959534, 0.524265, 0, 1758.81, 0, 0, 0, 123, 1758.82,0,7,1758.81,0,0,0,0,0,0,0,36,5,30,0,0,0.953423,104.733,0,0,0,0,0,0,0,-18.3125,0,0,-12.3007,1,2,120.533,36,36,0,7,1758.81,1,2
10158, 1761.12, 0, 94.1602, 81.2711, 282.19, 0.0593345, 0.159455, -51.0547, 1.2064, 0.213451, 0.399408, 0.0028244, 0.959848, 0.52511, 0, 1758.81, 0, 0, 0, 123, 1758.82,0,7,1758.81,0,0,0,0,0,0,0,36,5,30,0,0,0.953423,104.733,0,0,0,0,0,0,0,-18.3125,0,0,-12.3007,1,2,120.533,36,36,0,7,1758.81,1,2
10159, 1761.13, 0, 98.8135, 92.4289, 282.2, 0.0576895, 0.154603, -49.2799, 1.23816, 0.214817, 0.39768, 0.0027442, 0.960148, 0.525941, 0, 1758.81, 0, 0, 0, 123, 1758.82,0,7,1758.81,0,0,0,0,0,0,0,36,5,30,0,0,0.953423,104.733,0,0,0,0,0,0,0,-18.3125,0,0,-12.3007,1,2,120.533,36,36,0,7,1758.81,1,2
10160, 1761.14, 0, 103.113, 103.75, 282.207, 0.054427, 0.150321, -47.5024, 1.26994, 0.2162, 0.395943, 0.00264018, 0.960465, 0.526765, 0, 1758.81, 0, 0, 0, 123, 1758.82,0,7,1758.81,0,0,0,0,0,0,0,36,5,30,0,0,0.953423,104.733,0,0,0,0,0,0,0,-18.3125,0,0,-12.3007,1,2,120.533,36,36,0,7,1758.81,1,2
10161, 1761.16, 0, 107.05, 115.178, 282.216, 0.0525374, 0.145439, -45.7328, 1.30161, 0.217571, 0.394209, 0.00255495, 0.960769, 0.527596, 0, 1758.81, 0, 0, 0, 123, 1758.82,0,7,1758.81,0,0,0,0,0,0,0,36,5,30,0,0,0.953423,104.733,0,0,0,0,0,0,0,-18.3125,0,0,-12.3007,1,2,120.533,36,36,0,7,1758.81,1,2
10162, 1761.17, 0, 110.63, 126.737, 282.229, 0.0497712, 0.13974, -43.961, 1.33329, 0.218935, 0.392469, 0.00244467, 0.96108, 0.528412, 0, 1758.81, 0, 0, 0, 123, 1758.82,0,7,1758.81,0,0,0,0,0,0,0,36,5,30,0,0,0.953423,104.733,0,0,0,0,0,0,0,-18.3125,0,0,-12.3007,1,2,120.533,36,36,0,7,1758.81,1,2
10163, 1761.18, 0, 113.84, 138.391, 282.244, 0.0485475, 0.133865, -42.1941, 1.36486, 0.220281, 0.390746, 0.0023607, 0.961378, 0.529199, 0, 1758.81, 0, 0, 0, 123, 1758.82,0,7,1758.81,0,0,0,0,0,0,0,36,5,30,0,0,0.953423,104.733,0,0,0,0,0,0,0,-18.3125,0,0,-12.3007,1,2,120.533,36,36,0,7,1758.81,1,2
10164, 1761.19, 0, 116.674, 150.15, 282.256, 0.0453382, 0.12871, -40.4274, 1.39644, 0.221634, 0.389019, 0.00224791, 0.961699, 0.530006, 0, 1758.81, 0, 0, 0, 123, 1758.82,0,7,1758.81,0,0,0,0,0,0,0,36,5,30,0,0,0.953423,104.733,0,0,0,0,0,0,0,-18.3125,0,0,-12.3007,1,2,120.533,36,36,0,7,1758.81,1,2
10165, 1761.2, 0, 119.147, 161.987, 282.266, 0.0440334, 0.123343, -38.6656, 1.42793, 0.222998, 0.387284, 0.0021677, 0.962, 0.530796, 0, 1758.81, 0, 0, 0, 123, 1758.82,0,7,1758.81,0,0,0,0,0,0,0,36,5,30,0,0,0.953423,104.733,0,0,0,0,0,0,0,-18.3125,0,0,-12.3007,1,2,120.533,36,36,0,7,1758.81,1,2
10166, 1761.22, 0, 121.242, 173.904, 282.277, 0.0412277, 0.11752, -36.9025, 1.45943, 0.224351, 0.385555, 0.00205491, 0.96231, 0.531584, 0, 1758.81, 0, 0, 0, 123, 1758.82,0,7,1758.81,0,0,0,0,0,0,0,36,5,30,0,0,0.953423,104.733,0,0,0,0,0,0,0,-18.3125,0,0,-12.3007,1,2,120.533,36,36,0,7,1758.81,1,2
10167, 1761.23, 0, 122.963, 185.87, 282.29, 0.0400147, 0.111672, -35.1457, 1.49082, 0.225691, 0.383836, 0.00197094, 0.96261, 0.532368, 0, 1758.81, 0, 0, 0, 123, 1758.82,0,7,1758.81,0,0,0,0,0,0,0,36,5,30,0,0,0.953423,104.733,0,0,0,0,0,0,0,-18.3125,0,0,-12.3007,1,2,120.533,36,36,0,7,1758.81,1,2
10168, 1761.24, 0, 124.302, 197.905, 282.291, 0.0371563, 0.106995, -33.3885, 1.52225, 0.227062, 0.382114, 0.00186943, 0.962914, 0.533179, 0, 1758.81, 0, 0, 0, 123, 1758.82,0,7,1758.81,0,0,0,0,0,0,0,36,5,30,0,0,0.953423,104.733,0,0,0,0,0,0,0,-18.3125,0,0,-12.3007,1,2,120.533,36,36,0,7,1758.81,1,2
10169, 1761.25, 0, 125.266, 209.945, 282.3, 0.035564, 0.101693, -31.6383, 1.55353, 0.228408, 0.380398, 0.0017842, 0.963217, 0.533965, 0, 1758.81, 0, 0, 0, 123, 1758.82,0,7,1758.81,0,0,0,0,0,0,0,36,5,30,0,0,0.953423,104.733,0,0,0,0,0,0,0,-18.3125,0,0,-12.3007,1,2,120.533,36,36,0,7,1758.81,1,2
10170, 1761.26, 0, 125.845, 222.037, 282.301, 0.0323593, 0.0970351, -29.8875, 1.58486, 0.229767, 0.378687, 0.00167642, 0.963526, 0.5348, 0, 1758.81, 0, 0, 0, 123, 1758.82,0,7,1758.81,0,0,0,0,0,0,0,36,5,30,0,0,0.953423,104.733,0,0,0,0,0,0,0,-18.3125,0,0,-12.3007,1,2,120.533,36,36,0,7,1758.81,1,2
10171, 1761.28, 0, 126.05, 234.127, 282.31, 0.0312451, 0.0917525, -28.1423, 1.61608, 0.231095, 0.376988, 0.00159998, 0.963826, 0.535607, 0, 1758.81, 0, 0, 0, 123, 1758.82,0,7,1758.81,0,0,0,0,0,0,0,36,5,30,0,0,0.953423,104.733,0,0,0,0,0,0,0,-18.3125,0,0,-12.3007,1,2,120.533,36,36,0,7,1758.81,1,2
10172, 1761.29, 0, 125.877, 246.219, 282.323, 0.0284212, 0.0861256, -26.3981, 1.64729, 0.232424, 0.375276, 0.00148844, 0.964147, 0.536441, 0, 1758.81, 0, 0, 0, 123, 1758.82,0,7,1758.81,0,0,0,0,0,0,0,36,5,30,0,0,0.953423,104.733,0,0,0,0,0,0,0,-18.3125,0,0,-12.3007,1,2,120.533,36,36,0,7,1758.81,1,2
10173, 1761.3, 0, 125.346, 258.307, 282.332, 0.0279484, 0.079441, -24.6583, 1.67845, 0.233768, 0.373551, 0.00140823, 0.96443, 0.537277, 0, 1758.81, 0, 0, 0, 123, 1758.82,0,7,1758.81,0,0,0,0,0,0,0,36,5,30,0,0,0.953423,104.733,0,0,0,0,0,0,0,-18.3125,0,0,-12.3007,1,2,120.533,36,36,0,7,1758.81,1,2
10174, 1761.31, 0, 124.409, 270.367, 282.329, 0.0245592, 0.0754728, -22.9177, 1.70958, 0.235118, 0.371857, 0.00130421, 0.964744, 0.538086, 0, 1758.81, 0, 0, 0, 123, 1758.82,0,7,1758.81,0,0,0,0,0,0,0,36,5,30,0,0,0.953423,104.733,0,0,0,0,0,0,0,-18.3125,0,0,-12.3007,1,2,120.533,36,36,0,7,1758.81,1,2
10175, 1761.33, 0, 123.106, 282.376, 282.336, 0.0225346, 0.0704924, -21.1833, 1.74061, 0.236435, 0.370171, 0.00121397, 0.965054, 0.538899, 0, 1758.81, 0, 0, 0, 123, 1758.82,0,7,1758.81,0,0,0,0,0,0,0,36,5,30,0,0,0.953423,104.733,0,0,0,0,0,0,0,-18.3125,0,0,-12.3007,1,2,120.533,36,36,0,7,1758.81,1,2
10176, 1761.34, 0, 121.443, 294.368, 282.342, 0.0202966, 0.0639272, -19.4448, 1.77168, 0.237777, 0.368455, 0.00110244, 0.965349, 0.539693, 0, 1758.81, 0, 0, 0, 123, 1758.82,0,7,1758.81,0,0,0,0,0,0,0,36,5,30,0,0,0.953423,104.733,0,0,0,0,0,0,0,-18.3125,0,0,-12.3007,1,2,120.533,36,36,0,7,1758.81,1,2
10177, 1761.35, 0, 119.395, 306.28, 282.337, 0.0183421, 0.0598812, -17.7144, 1.80264, 0.239118, 0.366774, 0.00102348, 0.965644, 0.540492, 0, 1758.81, 0, 0, 0, 123, 1758.82,0,7,1758.81,0,0,0,0,0,0,0,36,5,30,0,0,0.953423,104.733,0,0,0,0,0,0,0,-18.3125,0,0,-12.3007,1,2,120.533,36,36,0,7,1758.81,1,2
10178, 1761.36, 0, 116.971, 318.134, 282.338, 0.0148009, 0.0551588, -15.9827, 1.83361, 0.24044, 0.365094, 0.000908181, 0.965961, 0.541307, 0, 1758.81, 0, 0, 0, 123, 1758.82,0,7,1758.81,0,0,0,0,0,0,0,36,5,30,0,0,0.953423,104.733,0,0,0,0,0,0,0,-18.3125,0,0,-12.3007,1,2,120.533,36,36,0,7,1758.81,1,2
10179, 1761.37, 0, 114.215, 329.903, 282.344, 0.0147076, 0.0483827, -14.2565, 1.86448, 0.241771, 0.363388, 0.000832986, 0.966236, 0.54209, 0, 1758.81, 0, 0, 0, 123, 1758.82,0,7,1758.81,0,0,0,0,0,0,0,36,5,30,0,0,0.953423,104.733,0,0,0,0,0,0,0,-18.3125,0,0,-12.3007,1,2,120.533,36,36,0,7,1758.81,1,2
10180, 1761.39, 0, 111.063, 341.584, 282.343, 0.0107221, 0.0444141, -12.5284, 1.89537, 0.243105, 0.361698, 0.000717687, 0.966566, 0.542884, 0, 1758.81, 0, 0, 0, 123, 1758.82,0,7,1758.81,0,0,0,0,0,0,0,36,5,30,0,0,0.953423,104.733,0,0,0,0,0,0,0,-18.3125,0,0,-12.3007,1,2,120.533,36,36,0,7,1758.81,1,2
10181, 1761.4, 0, 107.568, 353.159, 282.341, 0.00937378, 0.0392824, -10.807, 1.92617, 0.24443, 0.360019, 0.000637479, 0.966855, 0.543683, 0, 1758.81, 0, 0, 0, 123, 1758.82,0,7,1758.81,0,0,0,0,0,0,0,36,5,30,0,0,0.953423,104.733,0,0,0,0,0,0,0,-18.3125,0,0,-12.3007,1,2,120.533,36,36,0,7,1758.81,1,2
10182, 1761.41, 0, 103.724, 364.59, 282.343, 0.00619324, 0.0335368, -9.08917, 1.95688, 0.245739, 0.358347, 0.000517166, 0.967159, 0.544481, 0, 1758.81, 0, 0, 0, 123, 1758.82,0,7,1758.81,0,0,0,0,0,0,0,36,5,30,0,0,0.953423,104.733,0,0,0,0,0,0,0,-18.3125,0,0,-12.3007,1,2,120.533,36,36,0,7,1758.81,1,2
10183, 1761.42, 0, 99.6305, 375.632, 282.342, 0.00149889, 0.0265335, -7.41096, 1.98687, 0.247004, 0.356738, 0.000355497, 0.96744, 0.545271, 0, 1758.81, 0, 0, 0, 123, 1758.82,0,7,1758.81,0,0,0,0,0,0,0,36,5,30,0,0,0.953423,104.733,0,0,0,0,0,0,0,-18.3125,0,0,-12.3007,1,2,120.533,36,36,0,7,1758.81,1,2
10184, 1761.43, 0, 95.4629, 385.881, 282.336, -0.00836084, 0.020526, -5.82725, 2.01508, 0.248194, 0.355241, 0.000111113, 0.967745, 0.545988, 0, 1758.81, 0, 0, 0, 123, 1758.82,0,7,1758.81,0,0,0,0,0,0,0,36,5,30,0,0,0.953423,104.733,0,0,0,0,0,0,0,-18.3125,0,0,-12.3007,1,2,120.533,36,36,0,7,1758.81,1,2
10185, 1761.45, 0, 91.4983, 394.999, 282.301, -0.0119907, 0.0175884, -4.41431, 2.04031, 0.249361, 0.353864, 1.3359e-05, 0.967943, 0.546607, 0, 1758.81, 0, 0, 0, 123, 1758.82,0,7,1758.81,0,0,0,0,0,0,0,36,5,30,0,0,0.953423,104.733,0,0,0,0,0,0,0,-18.3125,0,0,-12.3007,1,2,120.533,36,36,0,7,1758.81,1,2
10186, 1761.46, 0, 87.8913, 402.89, 282.073, -0.0124516, 0.015251, -3.18823, 2.06225, 0.250738, 0.352831, -2.04788e-05, 0.967568, 0.547167, 0, 1758.81, 0, 0, 0, 123, 1758.82,0,7,1758.81,0,0,0,0,0,0,0,36,5,30,0,0,0.953423,104.733,0,0,0,0,0,0,0,-18.3125,0,0,-12.3007,1,2,120.533,36,36,0,7,1758.81,1,2
10187, 1761.47, 0, 84.5333, 409.359, 281.294, -0.0298768, 0.037685, -2.1542, 2.08072, 0.252679, 0.35285, -8.81544e-05, 0.966101, 0.547629, 0, 1758.81, 0, 0, 0, 123, 1758.82,0,7,1758.81,0,0,0,0,0,0,0,36,5,30,0,0,0.953423,104.733,0,0,0,0,0,0,0,-18.3125,0,0,-12.3007,1,2,120.533,36,36,0,7,1758.81,1,2
10188, 1761.48, 0, 81.8182, 414.367, 279.749, -0.0455621, 0.0503786, -1.33943, 2.09523, 0.255409, 0.354303, -0.000232278, 0.962249, 0.547999, 0, 1758.81, 0, 0, 0, 123, 1758.82,0,7,1758.81,0,0,0,0,0,0,0,36,5,30,0,0,0.953423,104.733,0,0,0,0,0,0,0,-18.3125,0,0,-12.3007,1,2,120.533,36,36,0,7,1758.81,1,2
10189, 1761.49, 0, 80.0492, 418.082, 277.594, -0.0283354, 0.0245875, -0.763492, 2.10556, 0.258717, 0.356962, -0.00020596, 0.95574, 0.548262, 0, 1758.81, 0, 0, 0, 123, 1758.82,0,7,1758.81,0,0,0,0,0,0,0,36,5,30,0,0,0.953423,104.733,0,0,0,0,0,0,0,-18.3125,0,0,-12.3007,1,2,120.533,36,36,0,7,1758.81,1,2
10190, 1761.51, 0, 78.9379, 420.413, 275.2, -0.0121497, 0.0113764, -0.413504, 2.11192, 0.262335, 0.360007, -5.80764e-05, 0.948733, 0.548433, 0, 1758.81, 0, 0, 0, 123, 1758.82,0,7,1758.81,0,0,0,0,0,0,0,36,5,30,0,0,0.953423,104.733,0,0,0,0,0,0,0,-18.3125,0,0,-12.3007,1,2,120.533,36,36,0,7,1758.81,1,2
10191, 1761.52, 0, 78.2748, 421.647, 273.016, -0.00798004, 0.0145991, -0.225631, 2.11536, 0.265632, 0.3628, 5.47163e-05, 0.942653, 0.548525, 0, 1758.81, 0, 0, 0, 123, 1758.82,0,7,1758.81,0,0,0,0,0,0,0,36,5,30,0,0,0.953423,104.733,0,0,0,0,0,0,0,-18.3125,0,0,-12.3007,1,2,120.533,36,36,0,7,1758.81,1,2
10192, 1761.53, 0, 77.9329, 422.271, 271.1, -0.00808416, 0.019186, -0.131924, 2.11711, 0.268543, 0.365235, 0.000104846, 0.937377, 0.548609, 0, 1758.81, 0, 0, 0, 123, 1758.82,0,7,1758.81,0,0,0,0,0,0,0,36,5,30,0,0,0.953423,104.733,0,0,0,0,0,0,0,-18.3125,0,0,-12.3007,1,2,120.533,36,36,0,7,1758.81,1,2
10193, 1761.54, 0, 77.7771, 422.63, 269.33, -0.00552037, 0.0158402, -0.0796733, 2.11808, 0.27118, 0.367554, 0.000114872, 0.932348, 0.548661, 0, 1758.81, 0, 0, 0, 123, 1758.82,0,7,1758.81,0,0,0,0,0,0,0,36,5,30,0,0,0.953423,104.733,0,0,0,0,0,0,0,-18.3125,0,0,-12.3007,1,2,120.533,36,36,0,7,1758.81,1,2
10194, 1761.55, 0, 77.6578, 422.878, 267.551, -0.00420777, 0.0131038, -0.0413101, 2.11877, 0.273811, 0.369921, 0.000108606, 0.927297, 0.548692, 0, 1758.81, 0, 0, 0, 123, 1758.82,0,7,1758.81,0,0,0,0,0,0,0,36,5,30,0,0,0.953423,104.733,0,0,0,0,0,0,0,-18.3125,0,0,-12.3007,1,2,120.533,36,36,0,7,1758.81,1,2
10195, 1761.57, 0, 77.5649, 423.017, 265.712, -0.0058229, 0.0159279, -0.0180294, 2.11919, 0.27658, 0.37231, 0.000111113, 0.922196, 0.548703, 0, 1758.81, 0, 0, 0, 123, 1758.82,0,7,1758.81,0,0,0,0,0,0,0,36,5,30,0,0,0.953423,104.733,0,0,0,0,0,0,0,-18.3125,0,0,-12.3007,1,2,120.533,36,36,0,7,1758.81,1,2
10196, 1761.58, 0, 77.5316, 423.081, 263.884, -0.00576302, 0.0160108, -0.00715292, 2.11937, 0.279332, 0.374691, 0.000113619, 0.917063, 0.548692, 0, 1758.81, 0, 0, 0, 123, 1758.82,0,7,1758.81,0,0,0,0,0,0,0,36,5,30,0,0,0.953423,104.733,0,0,0,0,0,0,0,-18.3125,0,0,-12.3007,1,2,120.533,36,36,0,7,1758.81,1,2
10197, 1761.59, 0, 77.5163, 423.112, 262.062, -0.0059619, 0.0162976, -0.00141466, 2.11946, 0.282101, 0.377038, 0.000113619, 0.911954, 0.548678, 0, 1758.81, 0, 0, 0, 123, 1758.82,0,7,1758.81,0,0,0,0,0,0,0,36,5,30,0,0,0.953423,104.733,0,0,0,0,0,0,0,-18.3125,0,0,-12.3007,1,2,120.533,36,36,0,7,1758.81,1,2
10198, 1761.6, 0, 77.5399, 423.131, 260.278, -0.00345784, 0.0114041, 0.000365494, 2.11948, 0.284802, 0.379357, 0.000104846, 0.906838, 0.548669, 0, 1758.81, 0, 0, 0, 123, 1758.82,0,7,1758.81,0,0,0,0,0,0,0,36,5,30,0,0,0.953423,104.733,0,0,0,0,0,0,0,-18.3125,0,0,-12.3007,1,2,120.533,36,36,0,7,1758.81,1,2
10199, 1761.62, 0, 77.5611, 423.136, 258.461, -0.00254937, 0.00944977, 1.42416e-05, 2.11947, 0.287614, 0.381644, 9.98334e-05, 0.901701, 0.548665, 0, 1758.81, 0, 0, 0, 123, 1758.82,0,7,1758.81,0,0,0,0,0,0,0,36,5,30,0,0,0.953423,104.733,0,0,0,0,0,0,0,-18.3125,0,0,-12.3007,1,2,120.533,36,36,0,7,1758.81,1,2
10200, 1761.63, 0, 77.5563, 423.123, 256.637, -0.00364264, 0.0108808, -0.000748554, 2.11945, 0.290452, 0.383927, 9.60737e-05, 0.896611, 0.548661, 0, 1758.81, 0, 0, 0, 123, 1758.82,0,7,1758.81,0,0,0,0,0,0,0,36,5,30,0,0,0.953423,104.733,0,0,0,0,0,0,0,-18.3125,0,0,-12.3007,1,2,120.533,36,36,0,7,1758.81,1,2
10201, 1761.64, 0, 77.5613, 423.12, 254.815, -0.00387497, 0.0112271, -0.00148085, 2.11943, 0.293323, 0.386169, 9.60737e-05, 0.891506, 0.548661, 0, 1758.81, 0, 0, 0, 123, 1758.82,0,7,1758.81,0,0,0,0,0,0,0,36,5,30,0,0,0.953423,104.733,0,0,0,0,0,0,0,-18.3125,0,0,-12.3007,1,2,120.533,36,36,0,7,1758.81,1,2
10202, 1761.65, 0, 77.5842, 423.129, 253.019, -0.00209524, 0.0079621, -0.00125334, 2.11943, 0.296157, 0.388374, 9.23139e-05, 0.886402, 0.548653, 0, 1758.81, 0, 0, 0, 123, 1758.82,0,7,1758.81,0,0,0,0,0,0,0,36,5,30,0,0,0.953423,104.733,0,0,0,0,0,0,0,-18.3125,0,0,-12.3007,1,2,120.533,36,36,0,7,1758.81,1,2
10203, 1761.66, 0, 77.5924, 423.13, 251.209, -0.00141337, 0.00681388, -0.00176587, 2.11942, 0.299041, 0.390574, 9.23139e-05, 0.881295, 0.548653, 0, 1758.81, 0, 0, 0, 123, 1758.82,0,7,1758.81,0,0,0,0,0,0,0,36,5,30,0,0,0.953423,104.733,0,0,0,0,0,0,0,-18.3125,0,0,-12.3007,1,2,120.533,36,36,0,7,1758.81,1,2
10204, 1761.68, 0, 77.5698, 423.11, 249.378, -0.00382997, 0.0107341, -0.00251096, 2.11941, 0.301993, 0.392757, 9.23139e-05, 0.87624, 0.548653, 0, 1758.81, 0, 0, 0, 123, 1758.82,0,7,1758.81,0,0,0,0,0,0,0,36,5,30,0,0,0.953423,104.733,0,0,0,0,0,0,0,-18.3125,0,0,-12.3007,1,2,120.533,36,36,0,7,1758.81,1,2
10205, 1761.69, 0, 77.5739, 423.111, 247.561, -0.00347805, 0.00991459, -0.00254838, 2.11941, 0.304934, 0.394913, 8.98074e-05, 0.871128, 0.548653, 0, 1758.81, 0, 0, 0, 123, 1758.82,0,7,1758.81,0,0,0,0,0,0,0,36,5,30,0,0,0.953423,104.733,0,0,0,0,0,0,0,-18.3125,0,0,-12.3007,1,2,120.533,36,36,0,7,1758.81,1,2
10206, 1761.7, 0, 77.571, 423.109, 245.741, -0.00396273, 0.010675, -0.00256847, 2.11941, 0.30792, 0.39703, 8.98074e-05, 0.866041, 0.548653, 0, 1758.81, 0, 0, 0, 123, 1758.82,0,7,1758.81,0,0,0,0,0,0,0,36,5,30,0,0,0.953423,104.733,0,0,0,0,0,0,0,-18.3125,0,0,-12.3007,1,2,120.533,36,36,0,7,1758.81,1,2
10207, 1761.71, 0, 77.5825, 423.113, 243.943, -0.00263715, 0.0082652, -0.00271304, 2.1194, 0.310867, 0.399128, 8.73009e-05, 0.860948, 0.548653, 0, 1758.81, 0, 0, 0, 123, 1758.82,0,7,1758.81,0,0,0,0,0,0,0,36,5,30,0,0,0.953423,104.733,0,0,0,0,0,0,0,-18.3125,0,0,-12.3007,1,2,120.533,36,36,0,7,1758.81,1,2
10208, 1761.72, 0, 77.58, 423.109, 242.116, -0.00353653, 0.00970469, -0.00240121, 2.1194, 0.313925, 0.401182, 8.73009e-05, 0.855865, 0.548644, 0, 1758.81, 0, 0, 0, 123, 1758.82,0,7,1758.81,0,0,0,0,0,0,0,36,5,30,0,0,0.953423,104.733,0,0,0,0,0,0,0,-18.3125,0,0,-12.3007,1,2,120.533,36,36,0,7,1758.81,1,2
10209, 1761.74, 0, 77.5887, 423.111, 240.308, -0.00249991, 0.0079768, -0.00280271, 2.11939, 0.316942, 0.403233, 8.73009e-05, 0.850762, 0.548644, 0, 1758.81, 0, 0, 0, 123, 1758.82,0,7,1758.81,0,0,0,0,0,0,0,36,5,30,0,0,0.953423,104.733,0,0,0,0,0,0,0,-18.3125,0,0,-12.3007,1,2,120.533,36,36,0,7,1758.81,1,2
10210, 1761.75, 0, 77.5888, 423.111, 238.488, -0.00296399, 0.00870378, -0.00282183, 2.11939, 0.320032, 0.405231, 8.73009e-05, 0.845689, 0.548644, 0, 1758.81, 0, 0, 0, 123, 1758.82,0,7,1758.81,0,0,0,0,0,0,0,36,5,30,0,0,0.953423,104.733,0,0,0,0,0,0,0,-18.3125,0,0,-12.3007,1,2,120.533,36,36,0,7,1758.81,1,2
10211, 1761.76, 0, 77.5992, 423.112, 236.68, -0.00250794, 0.00720739, -0.00283325, 2.11939, 0.323108, 0.407216, 7.85281e-05, 0.840601, 0.548644, 0, 1758.81, 0, 0, 0, 123, 1758.82,0,7,1758.81,0,0,0,0,0,0,0,36,5,30,0,0,0.953423,104.733,0,0,0,0,0,0,0,-18.3125,0,0,-12.3007,1,2,120.533,36,36,0,7,1758.81,1,2
10212, 1761.77, 0, 77.5964, 423.11, 234.866, -0.00264025, 0.00739467, -0.0024131, 2.11939, 0.326218, 0.409182, 7.85281e-05, 0.83553, 0.548636, 0, 1758.81, 0, 0, 0, 123, 1758.82,0,7,1758.81,0,0,0,0,0,0,0,36,5,30,0,0,0.953423,104.733,0,0,0,0,0,0,0,-18.3125,0,0,-12.3007,1,2,120.533,36,36,0,7,1758.81,1,2
